#name	lat	lon	country	population
's-Hertogenbosch	51.69917	5.30417	NL	160783
'Ākra	36.73359	43.88038	IQ	105370
6th of October City	29.81667	31.05	EG	368650
A Coruña	43.37135	-8.396	ES	250438
Aachen	50.77664	6.08342	DE	265208
Aalborg	57.048	9.9187	DK	142937
Aba	5.10658	7.36667	NG	1160000
Abadan	30.3392	48.3043	IR	231476
Abaetetuba	-1.71806	-48.8825	BR	158188
Abakaliki	6.32485	8.11368	NG	134102
Abakan	53.7154	91.42593	RU	184168
Abbotsford	49.05798	-122.25257	CA	141397
Abbottabad	34.1463	73.21168	PK	275890
Abengourou	6.72972	-3.49639	CI	130810
Abeokuta	7.15571	3.34509	NG	735000
Aberdeen	57.14369	-2.09814	GB	198590
Aberdeen	22.24802	114.15289	HK	157400
Abha	18.21639	42.50528	SA	210886
Abidjan	5.35444	-4.00167	CI	6321017
Abiko	35.86667	140.01667	JP	131771
Abilene	32.44874	-99.73314	US	125182
Abnūb	27.26881	31.15232	EG	111785
Abobo	5.41613	-4.0159	CI	1340083
Abohar	30.14453	74.19552	IN	145302
Abomey	7.18286	1.99119	BJ	117824
Abomey-Calavi	6.44852	2.35566	BJ	385755
Abreu e Lima	-7.91167	-34.90278	BR	103945
Abu Dhabi	24.45118	54.39696	AE	1807000
Abuja	9.05785	7.49508	NG	2690000
Abéché	13.82916	20.8324	TD	139983
Abū Ghurayb	33.30563	44.18477	IQ	900000
Abū Kabīr	30.72508	31.67148	EG	154466
Abū Tīj	27.04514	31.31845	EG	105418
Abū al-Kahṣīb	30.4431	47.87802	IQ	357771
Acapulco de Juárez	16.84942	-99.90891	MX	658609
Acarigua	9.55451	-69.19564	VE	188278
Accra	5.55602	-0.1969	GH	1963264
Achalpur	21.25665	77.51006	IN	112311
Acheng	45.54558	126.95191	CN	144665
Achinsk	56.26792	90.50145	RU	117634
Acilia-Castel Fusano-Ostia Antica	41.76337	12.33078	IT	129362
Ad-Damazin	11.7891	34.3592	SD	186051
Ad-Damir	17.59898	33.97205	SD	103941
Adachi	35.76318	139.80761	JP	695043
Adana	36.98615	35.32531	TR	1816750
Adapazarı	40.78056	30.40333	TR	286787
Addis Ababa	9.02497	38.74689	ET	3860000
Adelaide	-34.92866	138.59863	AU	1469163
Aden	12.77957	45.03852	YE	1079670
Adiwerna	-6.9375	109.1325	ID	134188
Admiralteisky	59.923	30.3	RU	157897
Ado-Ekiti	7.62329	5.22087	NG	435000
Adoni	15.62788	77.27495	IN	184625
Adıyaman	37.76441	38.27629	TR	290883
Afyonkarahisar	38.75667	30.54333	TR	251799
Agadez	16.97333	7.99111	NE	149549
Agadir	30.42018	-9.59815	MA	698310
Agartala	23.83605	91.27939	IN	400004
Agege	6.61563	3.33337	NG	683600
Ageo	35.97145	139.61382	JP	226940
Agra	27.18333	78.01667	IN	1430055
Aguascalientes	21.88262	-102.2843	MX	722250
Ahar	38.4774	47.0699	IR	100641
Ahilyanagar	19.09457	74.73843	IN	367140
Ahmadpur East	29.14269	71.25771	PK	196718
Ahmedabad	23.02579	72.58727	IN	6357693
Ahuntsic-Cartierville	45.56667	-73.66667	CA	135336
Ahvaz	31.31901	48.6842	IR	841145
Aihara	35.6	139.31667	JP	725493
Aihui	49.97946	127.48119	CN	192764
Airoli	19.15096	72.99625	IN	100000
Ait Melloul	30.34164	-9.50356	MA	187652
Aix-en-Provence	43.5283	5.44973	FR	146821
Aizawl	23.72894	92.71791	IN	293416
Aizu-Wakamatsu	37.49142	139.94546	JP	118159
Ajapnyak	40.19917	44.47056	AM	122800
Ajax	43.85012	-79.03288	CA	119677
Ajdabiya	30.75545	20.22625	LY	131773
Ajegunle	6.45197	3.33115	NG	550000
Ajman	25.40177	55.47878	AE	490035
Ajmer	26.4521	74.63867	IN	542321
Akademicheskoe	60.01375	30.39471	RU	103304
Akashi	34.65524	135.00687	JP	303601
Akhmīm	26.5622	31.74566	EG	151430
Akishima	35.72085	139.37999	JP	113949
Akita	39.71667	140.11667	JP	307672
Akola	20.70957	76.9981	IN	428857
Akowonjo	6.61012	3.30968	NG	308900
Akron	41.08144	-81.51901	US	197542
Aksaray	38.37255	34.02537	TR	327575
Aktau	43.66105	51.17392	KZ	147443
Aktobe	50.27969	57.20718	KZ	500757
Akure	7.25256	5.19312	NG	730000
Al Ain City	24.19167	55.76056	AE	846747
Al Ajaylat	32.75718	12.37633	LY	130546
Al Aḩmadī	29.07694	48.08389	KW	637411
Al Bayḑā’	32.76272	21.75506	LY	129439
Al Başrah al Qadīmah	30.50316	47.81507	IQ	2015483
Al Bāb	36.37051	37.5157	SY	130745
Al Diwaniyah	31.99289	44.92552	IQ	318801
Al Fallūjah	33.34913	43.78599	IQ	190159
Al Fashn	28.82306	30.89903	EG	112999
Al Fayyum	29.30995	30.8418	EG	519047
Al Fqih Ben Çalah	32.50213	-6.68771	MA	111402
Al Fāw	29.97421	48.47309	IQ	104569
Al Hillah	32.46367	44.41963	IQ	455700
Al Hindīyah	32.54193	44.22469	IQ	139578
Al Hoceïma	35.25165	-3.93723	MA	395644
Al Hufūf	25.36467	49.58764	SA	293179
Al Jadīd	27.05	14.4	LY	126386
Al Jubayl	27.0174	49.62251	SA	237274
Al Jumayl	32.85286	12.0612	LY	102000
Al Kharj	24.15541	47.33457	SA	425300
Al Khums	32.64861	14.26191	LY	201943
Al Khuşūş	30.15293	31.31501	EG	488904
Al Madīnah	30.96324	47.26998	IQ	255000
Al Majaz	25.32354	55.38774	AE	116503
Al Mansurah	31.03637	31.38069	EG	621953
Al Manzalah	31.15823	31.936	EG	127394
Al Manāqil	14.2459	32.9891	SD	128297
Al Mawşil al Jadīdah	36.33271	43.10555	IQ	2065597
Al Maţarīyah	31.18287	32.03108	EG	162045
Al Maḩallah al Kubrá	30.97063	31.1669	EG	592573
Al Maḩmūdīyah	33.06221	44.36564	IQ	350000
Al Miqdādīyah	33.97861	44.93694	IQ	155968
Al Mubarraz	25.40768	49.59028	SA	290802
Al Muharraq	26.25722	50.61194	BH	176583
Al Qadarif	14.03493	35.38344	SD	363945
Al Qurnah	31.01547	47.43362	IQ	134174
Al Qāhirah al Jadīdah	30.04214	31.44446	EG	313139
Al Qāmishlī	37.05215	41.23142	SY	184231
Al Ḩasakah	36.50237	40.74772	SY	422445
Al Ḩawāmidīyah	29.9	31.25	EG	155055
Al Ḩudaydah	14.79781	42.95452	YE	734699
Al ‘Amārah	31.83561	47.14483	IQ	323302
Al ‘Āshir min Ramaḑān	30.29636	31.74633	EG	246148
Al-'Ubūr	30.22886	31.48149	EG	138987
Al-Junaynah	13.45262	22.44725	SD	162981
Al-Kut	32.5128	45.81817	IQ	315162
Al-Musayab	32.77872	44.29005	IQ	101873
Alagoinhas	-12.13556	-38.41917	BR	122688
Alamar	23.15794	-82.27837	CU	100000
Alandur	13.0025	80.20611	IN	164430
Alanya	36.54375	31.99982	TR	364180
Alappuzha	9.49004	76.3264	IN	240991
Alasia	6.47489	3.16914	NG	100000
Albacete	38.99424	-1.85643	ES	173050
Albany	42.65258	-73.75623	US	101228
Alberton	-26.26786	28.12225	ZA	121536
Albuquerque	35.08449	-106.65114	US	564559
Alcalá de Henares	40.48205	-3.35996	ES	193751
Alchevsk	48.46906	38.79744	UA	106062
Alcobendas	40.54746	-3.64197	ES	116037
Alcorcón	40.34582	-3.82487	ES	172384
Aleppo	36.20124	37.16117	SY	2098210
Alexandra	-26.10528	28.09884	ZA	179624
Alexandria	31.20176	29.91582	EG	5263542
Alexandria	38.80484	-77.04692	US	159467
Aley	33.80528	35.6	LB	130000
Algeciras	36.13326	-5.45051	ES	121414
Algiers	36.73225	3.08746	DZ	2364230
Alhambra	33.49838	-112.13432	US	127764
Aliayabiagba	6.45	3.33333	NG	228000
Alicante	38.34517	-0.48149	ES	348901
Alimosho	6.60656	3.30235	NG	308290
Allentown	40.60843	-75.49018	US	120207
Almaty	43.25249	76.9115	KZ	1977011
Almendares	23.11012	-82.42322	CU	240000
Almere Stad	52.37025	5.21413	NL	176432
Almería	36.83814	-2.45974	ES	196851
Almirante Tamandaré	-25.32472	-49.31	BR	119825
Alor Setar	6.12104	100.36014	MY	417800
Altamira	-3.20333	-52.20639	BR	126279
Alto Barinas	8.5931	-70.2261	VE	284289
Alto Hospicio	-20.26871	-70.1049	CL	142086
Altona	53.55	9.93333	DE	250192
Alvorada	-30.00018	-51.07632	BR	187315
Alwar	27.56246	76.625	IN	322568
Alīgarh	27.88145	78.07464	IN	753207
Al’met’yevsk	54.90395	52.31793	RU	140437
Amadora	38.75382	-9.23083	PT	178858
Amagasaki	34.71667	135.41667	JP	459593
Amaigbo	5.78917	7.83829	NG	127300
Amanfrom	5.53532	-0.39827	GH	119467
Amarapura	21.90709	96.04894	MM	237618
Amaravati	16.514	80.516	IN	103000
Amarillo	35.222	-101.8313	US	198645
Amasya	40.65333	35.83306	TR	114921
Ambala Sadar	30.33544	76.86265	IN	104974
Ambarnath	19.2	73.16667	IN	253475
Ambato	-1.24908	-78.61675	EC	387309
Ambattur	13.09818	80.16152	IN	466205
Ambikāpur	23.11892	83.19537	IN	121071
Ambon	-3.69583	128.18333	ID	347288
Ambur	12.79163	78.71644	IN	114608
Ambāla	30.36099	76.79782	IN	195153
Americana	-22.73917	-47.33139	BR	246655
Amersfoort	52.155	5.3875	NL	139914
Amherst	42.97839	-78.79976	US	122366
Amiens	49.9	2.3	FR	143086
Amman	31.95522	35.94503	JO	1275857
Ampang	3.15	101.76667	MY	126285
Amravati	20.93333	77.75	IN	647057
Amreli	21.59983	71.21169	IN	117967
Amritsar	31.62234	74.87534	IN	1159227
Amroha	28.90314	78.46984	IN	176253
Amsterdam	52.37403	4.88969	NL	741636
An Nhơn	13.88579	109.10823	VN	308396
An Nuhūd	12.7	28.43333	SD	108008
An Nu‘mānīyah	32.55621	45.41293	IQ	110000
Anaco	9.42958	-64.46428	VE	139397
Anaheim	33.83529	-117.9145	US	350742
Anand	22.55251	72.9552	IN	209410
Ananindeua	-1.36556	-48.37222	BR	433956
Anantapur	14.67784	77.60813	IN	267161
Anantnag	33.73068	75.15418	IN	150592
Anbu	23.44895	116.68092	CN	162964
Anchorage	61.21806	-149.90028	US	289600
Anda	46.44867	125.30161	CN	181271
Anderlecht	50.83619	4.31454	BE	160553
Andijon	40.78338	72.35067	UZ	747800
Andong	36.56636	128.72275	KR	153348
Andīmeshk	32.4615	48.35368	IR	135116
Andīsheh	35.74708	51.27739	IR	116062
Ang Mo Kio New Town	1.38028	103.83972	SG	159340
Angarsk	52.55968	103.91413	RU	243158
Angeles City	15.15	120.58333	PH	483452
Angers	47.47156	-0.55202	FR	168279
Angoche	-16.2325	39.90861	MZ	104540
Angono	14.5266	121.1536	PH	134975
Angra dos Reis	-23.00667	-44.31806	BR	179120
Angren	41.01667	70.14361	UZ	191300
Anjō	34.95828	137.08054	JP	188693
Ankang	32.68	109.01722	CN	870126
Ankara	39.91987	32.85427	TR	3517182
Anliu	23.69824	115.67953	CN	115560
Ann	19.79537	94.04791	MM	119714
Ann Arbor	42.27756	-83.74088	US	117070
Annaba	36.9	7.76667	DZ	342703
Anning	24.92271	102.48496	CN	106795
Anqing	30.51365	117.04723	CN	804493
Anqiu	36.43417	119.1925	CN	364208
Ansan-si	37.32361	126.82194	KR	623256
Anshan	41.12361	122.99	CN	1450000
Anshun	26.25	105.93333	CN	765313
Antakya	36.20655	36.15722	TR	399045
Antalya	36.90812	30.69556	TR	1335002
Antananarivo	-18.91368	47.53613	MG	1349501
Antioch	38.00492	-121.80579	US	110542
Antipolo	14.62578	121.12251	PH	913712
Antofagasta	-23.65094	-70.39752	CL	401096
Antsirabe	-19.86586	47.03333	MG	260907
Antsiranana	-12.31732	49.29188	MG	136959
Antwerp	51.22047	4.40026	BE	529247
Anyama	5.49462	-4.05183	CI	133905
Anyang	36.096	114.38278	CN	1146839
Anyang-si	37.3925	126.92694	KR	595644
Anápolis	-16.32667	-48.95278	BR	319587
Aomori	40.81667	140.73333	JP	298394
Apalit	14.95333	120.77	PH	121057
Aparecida de Goiânia	-16.82333	-49.24389	BR	510770
Apatzingán	19.08864	-102.35704	MX	102362
Apeldoorn	52.21	5.96944	NL	136670
Apopa	13.80722	-89.17917	SV	112158
Apucarana	-23.55083	-51.46083	BR	130134
Aqsu	41.18418	80.27921	CN	535657
Ar Ramthā	32.55873	36.00816	JO	155693
Ar Raqqah	35.95283	39.00788	SY	531952
Ar Rayyān	25.29194	51.42444	QA	272465
Ar Rifā‘	26.13	50.555	BH	115495
Arabkir	40.20624	44.50365	AM	119300
Aracaju	-10.91111	-37.07167	BR	664908
Arad	46.18333	21.31667	RO	169065
Araguari	-18.64722	-48.18722	BR	117808
Araguaína	-7.19111	-48.20722	BR	105019
Arakawa	35.73825	139.78047	JP	216900
Arapiraca	-9.7525	-36.66111	BR	243661
Arapongas	-23.41944	-51.42444	BR	119138
Arar	30.97531	41.03808	SA	148540
Araraquara	-21.79444	-48.17556	BR	168468
Araras	-22.35694	-47.38417	BR	135331
Araruama	-22.87278	-42.34306	BR	137773
Araucária	-25.59306	-49.41028	BR	151666
Araure	9.58144	-69.23851	VE	181820
Araxá	-19.59333	-46.94056	BR	111691
Araçatuba	-21.20889	-50.43278	BR	170024
Arba Minch	6.03333	37.55	ET	201000
Arcahaie	18.77019	-72.51226	HT	130306
Archway	51.56733	-0.13415	GB	215667
Ardabīl	38.2498	48.2933	IR	410753
Arequipa	-16.39899	-71.53747	PE	1195700
Arezzo	43.46276	11.88068	IT	100734
Arganzuela	40.40021	-3.69618	ES	148797
Argenteuil	48.94788	2.24744	FR	101475
Arica	-18.47552	-70.30058	CL	241653
Arif Wala	26.32478	66.29587	PK	157063
Arifwala	30.29058	73.06574	PK	854462
Arjawinangun	-6.64528	108.41028	ID	105845
Arkhangel’sk	64.5461	40.55183	RU	349742
Arlington	32.73569	-97.10807	US	388125
Arlington	38.88101	-77.10428	US	207627
Arlit	18.73694	7.38528	NE	106448
Armavir	44.99849	41.11472	RU	199548
Armenia	4.53656	-75.67263	CO	304314
Arnavutköy	41.18355	28.7402	TR	198165
Arnhem	51.98	5.91111	NL	162424
Arrah	25.55629	84.66335	IN	261430
Arroyo Naranjo	23.03811	-82.37703	CU	210053
Arsuz	36.41305	35.89033	TR	109550
Artur Alvim	-23.54015	-46.48581	BR	104864
Artux	39.70842	76.17971	CN	285000
Artëm	43.35757	132.19137	RU	102300
Arusha	-3.36667	36.68333	TZ	617631
Arvada	39.80276	-105.08748	US	115368
Aryanah	36.86012	10.19337	TN	114486
Arzamas	55.39563	43.8381	RU	109479
Arāk	34.09493	49.69809	IR	503647
Arīsh	31.13159	33.79844	EG	199243
As Salţ	32.03917	35.72722	JO	107874
As Samawah	31.33198	45.2944	IQ	152890
As Sinbillāwayn	30.88251	31.46275	EG	124020
As Suwayq	23.84944	57.43861	OM	107143
As Sālimīyah	29.33389	48.07611	KW	147649
Asahikawa	43.77063	142.36489	JP	333530
Asaka	35.80472	139.60194	JP	141083
Ash Sharqāt	35.51722	43.22806	IQ	160000
Ash Shaţrah	31.40906	46.1727	IQ	182175
Ashaiman	5.69951	-0.03484	GH	190972
Ashdod	31.79213	34.64966	IL	226838
Ashgabat	37.95	58.38333	TM	1030063
Ashikaga	36.33333	139.45	JP	144746
Ashkelon	31.66926	34.57149	IL	144073
Ashmūn	30.29735	30.97641	EG	124483
Ashoknagar Kalyangarh	22.86416	88.63701	IN	111475
Ashuganj City	24.04016	91.0117	BD	210356
Asmara	15.33805	38.93184	ER	563930
Assis	-22.66167	-50.41222	BR	105087
Assiut	27.18096	31.18368	EG	528669
Astana	51.1801	71.44598	KZ	1544142
Astanajapura	-6.8017	108.6311	ID	148047
Astoria	40.77205	-73.93014	US	150165
Astrakhan	46.34968	48.04076	RU	533925
Asunción	-25.28646	-57.647	PY	1482200
Aswān	24.09082	32.89942	EG	379774
Atani	6.01277	6.74768	NG	230000
Ataşehir	40.9833	29.1167	TR	361615
Atbara	17.70217	33.98638	SD	112021
Athens	37.98376	23.72784	GR	664046
Athens	33.96095	-83.37794	US	127315
Athlone	-33.96722	18.50214	ZA	237414
Atibaia	-23.11694	-46.55028	BR	144088
Atlanta	33.749	-84.38798	US	510823
Atsiaman	5.69775	-0.32824	GH	202932
Atsugi	35.44272	139.36931	JP	223960
Attock City	33.76671	72.35977	PK	141945
Atyrau	47.1048	51.88427	KZ	290700
Auckland	-36.84853	174.76349	NZ	1547200
Augsburg	48.37154	10.89851	DE	301105
Aurangabad	19.87757	75.34226	IN	1175116
Aurangābād	24.75204	84.3742	IN	102244
Aurora	41.76058	-88.32007	US	200661
Aurora	39.72943	-104.83192	US	359407
Austin	30.26715	-97.74306	US	974447
Avadi	13.1147	80.10981	IN	345996
Avellaneda	-34.66018	-58.36744	AR	367554
Avtozavodskyi	49.09753	33.43206	UA	157382
Awasa	7.06205	38.47635	ET	422200
Awka	6.21269	7.07199	NG	167738
Ayacucho	-13.1638	-74.22345	PE	140033
Aydın	37.84501	27.83963	TR	163022
Az Zubayr	30.39213	47.70175	IQ	122676
Az Zulfī	26.29945	44.81542	SA	125000
Az Zāwīyah	32.7571	12.72764	LY	200000
Azamgarh	26.06832	83.18358	IN	116644
Azare	11.67478	10.19069	NG	105687
Azcapotzalco	19.48698	-99.18594	MX	414711
Açailândia	-4.94667	-47.50472	BR	106550
Aïn Beïda	35.79639	7.39278	DZ	116064
Ağrı	39.71467	43.04015	TR	124483
Ba Dinh	21.03652	105.82684	VN	221893
Ba Vì	21.08333	105.38333	VN	282600
Ba Đồn	17.75353	106.42355	VN	106413
Bab Ezzouar	36.72615	3.18291	DZ	275630
Bacabal	-4.23246	-44.78164	BR	103711
Bachuan	29.84863	106.05046	CN	208520
Bacolod City	10.66667	122.95	PH	454898
Bacoor	14.45896	120.93851	PH	356974
Bacău	46.56718	26.91384	RO	136087
Badajoz	38.87789	-6.97061	ES	150530
Badalona	41.45004	2.24741	ES	217741
Bade	24.92981	121.28372	TW	209148
Badin	24.656	68.837	PK	117455
Badlapur	19.15516	73.26553	IN	174226
Bafoussam	5.47775	10.41759	CM	373268
Bagaha	27.09918	84.09003	IN	112634
Bagalkot	16.18673	75.69614	IN	111933
Bagerhat	22.65657	89.79123	BD	266388
Baghdad	33.34058	44.40088	IQ	7216000
Baghlān	36.13068	68.70829	AF	108449
Bago	17.33521	96.48135	MM	244376
Bago City	10.53333	122.83333	PH	192993
Bagong Silang	14.7783	121.04487	PH	261729
Bagong Silangan	14.706	121.108	PH	106886
Baguio	16.41639	120.59306	PH	272714
Bahadurgarh	28.69287	76.93555	IN	170767
Baharampur	24.10473	88.25155	IN	180547
Bahawalnagar	29.99835	73.25272	PK	241873
Bahawalnagar	30.55083	73.39083	PK	241873
Bahawalpur	29.39779	71.6752	PK	903795
Bahir Dar	11.59364	37.39077	ET	350000
Bahraigh	27.57429	81.59474	IN	182218
Bahçelievler	41.00231	28.8598	TR	576799
Bahía Blanca	-38.7176	-62.26545	AR	299101
Bahārestān	32.48814	51.77312	IR	106433
Baia Mare	47.65729	23.56808	RO	108759
Baicheng	45.61751	122.83302	CN	316970
Baidoa	3.11383	43.6498	SO	129839
Baidyabāti	22.78498	88.32586	IN	115504
Bairro da Penha	-23.3684	-46.31102	BR	117691
Baise	23.89013	106.62684	CN	686078
Baisha	29.06226	106.1189	CN	115761
Baishan	41.93853	126.41965	CN	183880
Baiyin	36.54696	104.17023	CN	294400
Bakersfield	35.37329	-119.01871	US	373640
Baku	40.37767	49.89201	AZ	2351300
Bakwa	4.1263	27.39527	CD	100575
Balakovo	52.02639	47.79671	RU	199572
Balashikha	55.79479	37.94794	RU	150103
Balasore	21.49266	86.93348	IN	144373
Balbala	11.56194	43.10666	DJ	554350
Balcón de la Lisa	23.05346	-82.4476	CU	147415
Balikpapan	-1.26753	116.82887	ID	695287
Baliuag	14.95472	120.89694	PH	135679
Balkh	36.75635	66.8972	AF	114883
Ballarat	-37.56622	143.84957	AU	111973
Ballari	15.14205	76.92398	IN	410445
Balneário Camboriú	-26.99056	-48.63472	BR	139155
Balombo	-12.35426	14.77232	AO	108965
Balsas	-7.5325	-46.03556	BR	101767
Baltimore	39.29038	-76.61219	US	585708
Balvanera	-34.61032	-58.39766	AR	152198
Balıkesir	39.64917	27.88611	TR	238151
Bama	11.52134	13.68952	NG	118121
Bamako	12.60915	-7.97522	ML	4227569
Bamenda	5.9597	10.14597	CM	420445
Ban I Chang	13.71061	99.89617	TH	119858
Ban Khlong Prawet	13.71904	100.68146	TH	160671
Ban Samae Dam	13.58956	100.38734	TH	125133
Banan	29.37861	106.54	CN	508703
Banda Aceh	5.54167	95.33333	ID	267962
Bandar Abbas	27.1865	56.2808	IR	352173
Bandar Bukit Raja	3.08737	101.43339	MY	146534
Bandar Lampung	-5.42917	105.26111	ID	1166066
Bandar Mahkota Cheras	3.0542	101.79844	MY	100000
Bandar Seri Alam	1.50434	103.87525	MY	220000
Bandar Sunway	3.0693	101.6074	MY	200000
Bandar Tasik Puteri	3.28531	101.4741	MY	150000
Bandar Utama	3.14818	101.61407	MY	200000
Bandar-e Anzalī	37.47318	49.45785	IR	118564
Bandar-e Māhshahr	30.55655	49.18852	IR	162797
Bandundu Province	-3.31687	17.38063	CD	202904
Bandung	-6.92222	107.60694	ID	2528163
Bandırma	40.35222	27.97667	TR	107631
Banfora	10.64064	-4.75285	BF	117452
Bang Bon	13.66185	100.39567	TH	105161
Bang Kapi	13.7653	100.647	TH	147800
Bang Khae	13.69301	100.40755	TH	193002
Bang Khun Thian	13.66302	100.43416	TH	165491
Bang Sue	13.81086	100.53064	TH	125440
Bangaon	23.04553	88.83084	IN	111693
Bangkok	13.75398	100.50144	TH	5104476
Bangkok Noi	13.76266	100.47798	TH	117793
Bangui	4.36122	18.55496	CF	812407
Banhā	30.45977	31.1842	EG	182254
Banja Luka	44.77879	17.20629	BA	221106
Banjar	-7.1955	107.4313	ID	209791
Banjaran	-7.04528	107.58778	ID	164952
Banjarbaru	-3.4406	114.8365	ID	293332
Banjarmasin	-3.31987	114.59075	ID	657663
Bannu	32.98527	70.60403	PK	1357890
Banqiao	25.01427	121.46719	TW	551221
Banyuwangi	-8.2325	114.35755	ID	117558
Banī Mazār	28.49456	30.80526	EG	115759
Banī Suwayf	29.07441	31.09785	EG	273151
Bao'an	22.55213	113.88288	CN	4476554
Bao'an Centre	22.57953	113.9163	CN	120170
Baoding	38.87288	115.46246	CN	2739887
Baoji	34.36775	107.23705	CN	1437802
Baoshan	25.11626	99.16366	CN	935618
Baoshan	31.40845	121.48956	CN	2265900
Baoshan	46.57472	131.39318	CN	123791
Baotou	40.6516	109.84389	CN	2150000
Baqubah	33.75403	44.60518	IQ	152550
Barakaldo	43.29639	-2.98813	ES	100435
Baraki	36.66655	3.09606	DZ	105402
Baranagar	22.64132	88.37727	IN	260072
Baranovichi	53.13255	26.00775	BY	170039
Barbacena	-21.22583	-43.77361	BR	125317
Barcarena	-1.50583	-48.62583	BR	126650
Barcelona	41.38879	2.15899	ES	1686208
Barcelona	10.1384	-64.68769	VE	815141
Barddhamān	23.25572	87.85691	IN	301725
Bareilly	28.36678	79.43167	IN	745435
Bari	41.12066	16.86982	IT	316491
Bariadi	-2.8	33.98333	TZ	260927
Barinas	8.62064	-70.23105	VE	397279
Baripāda	21.93458	86.72852	IN	116849
Barishal	22.70497	90.37013	BD	202242
Barking	51.53333	0.08333	GB	218534
Barnaul	53.36199	83.72786	RU	632372
Barnāla	30.37451	75.5487	IN	116449
Barquisimeto	10.0647	-69.35703	VE	1240714
Barra Mansa	-22.54417	-44.17139	BR	164052
Barrancabermeja	7.06528	-73.85472	CO	191403
Barranquilla	10.96854	-74.78132	CO	1206319
Barreiras	-12.15278	-44.99	BR	159734
Barretos	-20.55722	-48.56778	BR	122485
Barrie	44.40011	-79.66634	CA	147829
Barshi	18.23454	75.69275	IN	118722
Barueri	-23.51056	-46.87611	BR	316473
Baruta	10.43424	-66.87558	VE	244216
Barysaw	54.2279	28.505	BY	133700
Basel	47.55839	7.57327	CH	177595
Bashan	27.76823	116.05017	CN	103748
Basildon	51.56844	0.45782	GB	144859
Basingstoke	51.26249	-1.08708	GB	107642
Basirhat City	22.66142	88.85477	IN	143007
Basrah	30.50852	47.7804	IQ	1326564
Bastī	26.78817	82.71617	IN	115115
Basuo	19.10267	108.66565	CN	444458
Bat Yam	32.02379	34.75185	IL	129012
Bata	1.86391	9.76582	GQ	173046
Batam	1.14937	104.02491	ID	1296960
Batang	-6.4846	110.7083	ID	139492
Batangas	13.7567	121.0584	PH	237370
Bataysk	47.13746	39.75713	RU	109962
Bath	51.3751	-2.36172	GB	101557
Bathinda	30.20747	74.93893	IN	285788
Batikent	39.96833	32.73083	TR	300000
Batman	37.88738	41.13221	TR	452157
Batna	35.55597	6.17414	DZ	289504
Baton Rouge	30.44332	-91.18747	US	227470
Battagram	34.67719	73.02329	PK	700000
Battambang	13.10271	103.19822	KH	119251
Batu	-7.87	112.52833	ID	225408
Batu Caves	3.238	101.682	MY	254083
Batu Pahat	1.8548	102.9325	MY	156236
Batumi	41.64077	41.6306	GE	186949
Baturaja	-4.12891	104.16695	ID	134759
Batāla	31.80921	75.20294	IN	158621
Baubau	-5.4633	122.6024	ID	161280
Bauchi	10.31032	9.84388	NG	693700
Bauru	-22.31472	-49.06056	BR	379297
Bawshar	23.57769	58.39982	OM	383257
Bayambang	15.8127	120.4557	PH	129506
Bayamo	20.37368	-76.64272	CU	192632
Bayamón	18.39856	-66.15572	PR	203499
Bayan Lepas	5.29992	100.26052	MY	130455
Bayan Nur	40.74143	107.38599	CN	1760000
Bayawan	9.3649	122.804	PH	126744
Bayjī	34.92915	43.48878	IQ	173677
Bayugan	8.75611	125.7675	PH	110313
Bazhong	31.8694	106.74432	CN	2712894
Baía Farta	-12.60417	13.19667	AO	107841
Bağcılar	41.03903	28.85671	TR	740069
Başakşehir	41.106	28.791	TR	193750
Baḥarkah	36.31556	44.03533	IQ	130518
Beau Bassin-Rose Hill	-20.23325	57.46609	MU	111355
Beaumont	30.08605	-94.10185	US	115282
Becontree	51.5529	0.129	GB	100000
Bedford	52.13459	-0.46632	GB	106940
Bedok New Town	1.32639	103.94167	SG	276990
Beed	18.98921	75.75634	IN	146709
Beersheba	31.25181	34.7913	IL	186600
Begusarai	25.41853	86.13389	IN	252008
Behbahān	30.5959	50.2417	IR	122604
Beibei	29.82739	106.43645	CN	247702
Beihai	21.48349	109.11549	CN	525329
Beijing	39.9075	116.39723	CN	18960744
Beiliu	22.70722	110.34917	CN	199769
Beining	41.59556	121.79278	CN	152033
Beipiao	41.79194	120.77917	CN	190315
Beira	-19.84361	34.83889	MZ	687764
Beirut	33.89332	35.50157	LB	1916100
Bei’an	48.26667	126.6	CN	436444
Bekasi	-6.2349	106.9896	ID	2648272
Belagavi	15.85212	74.50447	IN	490045
Belawan	3.7755	98.6832	ID	102707
Belfast	54.59682	-5.92541	GB	348005
Belford Roxo	-22.76417	-43.39944	BR	466096
Belgorod	50.60343	36.58091	RU	345289
Belgrade	44.80401	20.46513	RS	1273651
Belgrano	-34.5627	-58.45829	AR	138942
Bella Vista	18.45539	-69.9454	DO	175683
Bellevue	47.61038	-122.20068	US	139820
Bello	6.33732	-75.55795	CO	392939
Belo Horizonte	-19.92083	-43.93778	BR	2721564
Belém	-1.45583	-48.50444	BR	1499641
Bemowo	52.2546	20.90844	PL	123932
Bender	46.83158	29.47671	MD	110175
Bendigo	-36.75818	144.28024	AU	103034
Benfica	-8.94432	13.16431	AO	191828
Bengaluru	12.97194	77.59369	IN	8495492
Bengbu	32.94083	117.36083	CN	972784
Benghazi	32.11486	20.06859	LY	757490
Bengkulu	-3.80044	102.26554	ID	397321
Benguela	-12.57674	13.40268	AO	555124
Beni	0.49113	29.47306	CD	140731
Beni Mellal	32.33725	-6.34983	MA	210397
Benin City	6.33815	5.62575	NG	1782000
Benito Juarez	19.3984	-99.15766	MX	355017
Benito Juárez	19.3727	-99.1564	MX	385439
Benoni	-26.18848	28.32078	ZA	605344
Bento Gonçalves	-29.17139	-51.51917	BR	123151
Benxi	41.28861	123.765	CN	987717
Beppu	33.27945	131.49751	JP	122643
Berazategui	-34.76531	-58.21278	AR	180523
Berbera	10.43959	45.01432	SO	242344
Berbérati	4.26116	15.79216	CF	103713
Bercham	4.6411	101.1393	MY	150000
Berdyansk	46.75578	36.78815	UA	106311
Berezniki	59.4091	56.8204	RU	167748
Bergamo	45.69601	9.66721	IT	121200
Bergedorf	53.48462	10.22904	DE	119665
Bergen	60.39299	5.32415	NO	294029
Bergisch Gladbach	50.9856	7.13298	DE	106184
Berkane	34.92	-2.32	MA	119284
Berkeley	37.87159	-122.27275	US	120972
Berlin	52.52437	13.41053	DE	3426354
Bern	46.94809	7.44744	CH	121631
Berrechid	33.26553	-7.58754	MA	149201
Bertoua	4.57728	13.68459	CM	137993
Besançon	47.24878	6.01815	FR	128426
Bet Shemesh	31.73072	34.99293	IL	124957
Betim	-19.96778	-44.19833	BR	384000
Bettiah	26.80229	84.50311	IN	132209
Betūl	21.90056	77.90229	IN	103330
Bexley	51.44162	0.14866	GB	228000
Beylikdüzü	40.982	28.6399	TR	415290
Beāwar	26.10119	74.32028	IN	151152
Bhadrak	21.05447	86.5156	IN	121338
Bhadreswar	22.82449	88.33841	IN	121662
Bhadrāvati	13.84846	75.70502	IN	163903
Bhairab Bāzār	24.0524	90.9764	BD	105457
Bhakkar	31.62685	71.06471	PK	131658
Bharatpur	27.21731	77.49009	IN	252838
Bharatpur	27.68027	84.43647	NP	369377
Bharūch	21.69482	72.9805	IN	169007
Bhatara	23.8	90.45	BD	324300
Bhavnagar	21.76287	72.15331	IN	605882
Bhawana	31.56884	72.64917	PK	373841
Bhayandar	19.30157	72.85107	IN	809378
Bhetia	22.79321	86.14098	IN	174355
Bhilai	21.20919	81.4285	IN	627734
Bhilwara	25.34707	74.64081	IN	359483
Bhimavaram	16.54078	81.52322	IN	146961
Bhind	26.56671	78.78728	IN	197585
Bhisho	-32.84721	27.44218	ZA	137287
Bhiwadi	28.21024	76.86056	IN	104921
Bhiwandi	19.30023	73.05881	IN	874032
Bhiwāni	28.79304	76.13968	IN	196057
Bhopal	23.25469	77.40289	IN	1798218
Bhubaneswar	20.27241	85.83385	IN	885363
Bhuj	23.25397	69.66928	IN	148834
Bhusawal	21.04365	75.78506	IN	187421
Bhāgalpur	25.24446	86.97183	IN	400146
Bhālswa Jahangirpur	28.73558	77.16682	IN	197148
Bhātpāra	22.86643	88.40113	IN	483129
Białołeka	52.32127	20.97204	PL	129106
Białystok	53.13333	23.16433	PL	295683
Bibirevo	55.88333	37.6	RU	159000
Bida	9.08044	6.0099	NG	400000
Bidar	17.90802	77.51524	IN	216020
Bielany	52.29242	20.93531	PL	131910
Bielefeld	52.03333	8.53333	DE	331906
Bielsko-Biala	49.82245	19.04686	PL	176515
Bihār Sharīf	25.20084	85.52389	IN	297268
Bijie	27.30193	105.28627	CN	1137383
Bikaner	28.01762	73.31495	IN	644406
Bila Tserkva	49.7994	30.1165	UA	207273
Bilbao	43.26271	-2.92528	ES	347342
Bilbeis	30.42039	31.56223	EG	185237
Bilimora	20.76957	72.96134	IN	510879
Billings	45.78329	-108.50069	US	117116
Bilqās	31.21452	31.35798	EG	137080
Bilāspur	22.08005	82.15543	IN	365579
Bima	-8.46006	118.72667	ID	165113
Bimbo	4.25671	18.41583	CF	348802
Binangonan	14.4646	121.1929	PH	219204
Bingöl	38.88472	40.49389	TR	128935
Binjai	3.6001	98.4854	ID	279302
Bintulu	3.16667	113.03333	MY	151617
Binzhou	37.36667	118.01667	CN	682717
Biratnagar	26.45505	87.27007	NP	244750
Birendranagar	28.59669	81.61658	NP	154886
Birgañj	27.01736	84.88047	NP	268273
Birigui	-21.28861	-50.34	BR	102277
Birkenhead	53.39337	-3.01479	GB	325264
Birmingham	52.48142	-1.89983	GB	1157603
Birmingham	33.52066	-86.80249	US	196357
Birnin Kebbi	12.45389	4.1975	NG	108164
Biryulëvo	55.58635	37.67781	RU	144000
Bishan	29.59491	106.22476	CN	204702
Bishkek	42.87	74.59	KG	900000
Bishoftu	8.75225	38.97846	ET	207400
Biskra	34.85038	5.72805	DZ	204661
Bissau	11.86357	-15.59767	GW	439704
Bitung	1.44059	125.12824	ID	225134
Biysk	52.53423	85.19661	RU	215430
Bizerte	37.27442	9.87391	TN	138430
Biên Hòa	10.94469	106.82432	VN	1272235
Biñan	14.34267	121.08071	PH	300000
Blackburn	53.75	-2.48333	GB	146521
Blackpool	53.81667	-3.05	GB	145007
Blagoveshchensk	50.27593	127.52637	RU	225091
Blantyre	-15.78499	35.00854	MW	902588
Blida	36.47004	2.8277	DZ	331779
Blitar	-8.0983	112.1681	ID	161204
Bloemfontein	-29.12107	26.214	ZA	556637
Blumenau	-26.91944	-49.06611	BR	361261
Bnei Brak	32.08074	34.8338	IL	214444
Bo	7.96472	-11.73833	SL	233684
Boa Vista	2.81972	-60.67333	BR	419652
Bobo-Dioulasso	11.18064	-4.29489	BF	904920
Bobruysk	53.14676	29.20548	BY	205502
Bochum	51.48165	7.21648	DE	385729
Bocoio	-12.47017	14.13688	AO	164685
Bogor	-6.59444	106.78917	ID	1078351
Bogorodskoye	55.81396	37.72117	RU	103000
Bogotá	4.60971	-74.08175	CO	7674366
Bogra	24.85098	89.37108	BD	210000
Bohuniya	50.27691	28.60962	UA	147324
Boise	43.6135	-116.20345	US	235684
Bojnūrd	37.47473	57.32903	IR	192041
Bokhtar	37.83654	68.77762	TJ	110800
Boksburg	-26.21197	28.25958	ZA	445168
Bokāro	23.66934	86.15161	IN	564319
Bole	44.89334	82.06993	CN	235585
Bologna	44.49381	11.33875	IT	394843
Bolton	53.58333	-2.43333	GB	141331
Bolu	40.73583	31.60611	TR	184682
Bolzano	46.49067	11.33982	IT	107436
Boma	-5.85098	13.05364	CD	297009
Bondoukou	8.0402	-2.80003	CI	141568
Bonn	50.73438	7.09549	DE	330579
Bonon	6.9268	-6.0489	CI	119938
Bontang	0.1324	117.4854	ID	194606
Borama	9.93611	43.18278	SO	597842
Bordeaux	44.84124	-0.58046	FR	265328
Bordj Bou Arreridj	36.07389	4.76139	DZ	158812
Bordj el Kiffan	36.74871	3.19249	DZ	123246
Borivli	19.23496	72.85976	IN	609617
Borough Park	40.63399	-73.99681	US	149248
Borshchahivka	50.4316	30.3899	UA	179900
Borāzjān	29.2699	51.2188	IR	110567
Borūjerd	33.8973	48.7516	IR	251958
Boshan	36.48333	117.83333	CN	153596
Bosque Saúde	-23.60926	-46.62304	BR	128469
Boston	42.35843	-71.05977	US	653833
Botad	22.16917	71.66671	IN	130327
Botshabelo	-29.26737	26.72595	ZA	309714
Bottrop	51.52392	6.9285	DE	119909
Botucatu	-22.88583	-48.445	BR	148130
Bou Saâda	35.20855	4.17402	DZ	111787
Bouaflé	6.99041	-5.7442	CI	104209
Bouaké	7.69385	-5.03031	CI	832371
Boulder	40.01499	-105.27055	US	106803
Boulogne-Billancourt	48.83545	2.24128	FR	108782
Bournemouth	50.72048	-1.8795	GB	163600
Bouskoura	33.44976	-7.65239	MA	112501
Boyeros	23.0072	-82.4017	CU	188593
Bozhou	33.87722	115.77028	CN	1409436
Bradford	53.79391	-1.75206	GB	366187
Braga	41.5514	-8.42311	PT	193324
Bragança	-1.05361	-46.76556	BR	123082
Bragança Paulista	-22.9527	-46.54418	BR	176811
Brahmapur	19.31151	84.7929	IN	356598
Brakpan	-26.23656	28.36938	ZA	305692
Brampton	43.68341	-79.76633	CA	656480
Brandon	27.9378	-82.28592	US	103483
Brantford	43.1334	-80.26636	CA	104688
Brasilandia	-23.44859	-46.68839	BR	243273
Brasília	-15.77972	-47.92972	BR	2207718
Brateyevo	55.63755	37.76438	RU	102000
Bratislava	48.14816	17.10674	SK	423737
Bratsk	56.1325	101.61417	RU	256600
Braunschweig	52.26594	10.52673	DE	244715
Brazzaville	-4.26613	15.28318	CG	1982000
Braşov	45.64861	25.60613	RO	253200
Breda	51.58656	4.77596	NL	184126
Bremen	53.07582	8.80717	DE	546501
Bremerhaven	53.55357	8.57553	DE	118610
Brent	51.55306	-0.3023	GB	329100
Brescia	45.53558	10.21472	IT	200423
Brest	52.10894	23.71749	BY	347138
Brest	48.39029	-4.48628	FR	144899
Breves	-1.68222	-50.48028	BR	106968
Bridgeport	41.17923	-73.18945	US	147629
Brighton	50.82838	-0.13947	GB	283870
Brisbane	-27.46794	153.02809	AU	2780063
Bristol	51.45523	-2.59665	GB	479024
Brits	-25.63473	27.78022	ZA	122497
Brno	49.19522	16.60796	CZ	379466
Broken Arrow	36.0526	-95.79082	US	106563
Brooklyn	40.6501	-73.94958	US	2736074
Brovary	50.51097	30.79106	UA	109806
Brownsville	25.90175	-97.49748	US	186738
Brugge	51.20892	3.22424	BE	118509
Brusque	-27.09795	-48.91281	BR	141385
Brussels	50.85045	4.34878	BE	1019022
Bryansk	53.27096	34.32143	RU	427236
Brāhmanbāria	23.97464	91.11228	BD	264326
Brăila	45.27152	27.97429	RO	154686
Bucaramanga	7.125	-73.11895	CO	581130
Bucharest	44.43225	26.10626	RO	1877155
Bucheon-si	37.49889	126.78306	KR	850731
Buda	47.5	19.03333	HU	510108
Budapest	47.49835	19.04045	HU	1741041
Budapest III. kerület	47.54157	19.04501	HU	123723
Budapest XI. kerület	47.47603	19.03605	HU	139049
Budapest XIII. kerület	47.52978	19.08068	HU	113531
Budaun	28.03811	79.12668	IN	161555
Budta	7.20417	124.43972	PH	1273715
Buea	4.15342	9.24231	CM	140533
Buenaventura	3.8801	-77.03116	CO	240387
Buenaventura	3.58333	-77.0	CO	432385
Buenavista	19.60833	-99.16944	MX	216776
Bueng Kum	13.78528	100.66958	TH	145830
Buenos Aires	-34.61315	-58.37723	AR	2891082
Buffalo	42.88645	-78.87837	US	258071
Buguma	4.73614	6.86236	NG	135404
Buhe	30.28757	112.22979	CN	106347
Bujumbura	-3.38193	29.36142	BI	769317
Bukama	-9.20443	25.85475	CD	105530
Bukavu	-2.49077	28.84281	CD	816811
Bukhara	39.77026	64.43069	UZ	280187
Bukit Batok New Town	1.35903	103.76368	SG	158030
Bukit Bintang	3.14657	101.71023	MY	120529
Bukit Jalil	3.04913	101.68036	MY	200000
Bukit Merah Estate	1.28417	103.82306	SG	151250
Bukit Mertajam	5.36301	100.4667	MY	212329
Bukit Panjang New Town	1.37972	103.76472	SG	138050
Bukit Rahman Putra	3.21727	101.5608	MY	607000
Bukittinggi	-0.30907	100.37055	ID	121028
Bukoba	-1.33167	31.81222	TZ	144938
Bulandshahr	28.40392	77.85773	IN	198612
Bulaon	15.08262	120.66288	PH	131818
Bulawayo	-20.15	28.58333	ZW	665952
Bumba	2.18771	22.46827	CD	154586
Bunamwaya	0.25344	32.55723	UG	413400
Bunda	-2.02153	33.87109	TZ	182970
Bunia	1.55941	30.25224	CD	399282
Bunkyo	35.5331	139.4217	JP	240069
Buraydah	26.32599	43.97497	SA	745353
Burayu	9.03528	38.66083	ET	101400
Burbank	34.18084	-118.30897	US	105319
Burewala	30.16667	72.65	PK	361664
Burgas	42.50651	27.46886	BG	210646
Burgos	42.34106	-3.70184	ES	176418
Burhānpur	21.30868	76.23026	IN	210886
Burlington	43.38621	-79.83713	CA	186948
Burnaby	49.26636	-122.95263	CA	249125
Burnley	53.8	-2.23333	GB	149422
Bursa	40.19559	29.06013	TR	3101833
Burton upon Trent	52.80728	-1.64263	GB	122199
Burāri	28.7557	77.19941	IN	146190
Busan	35.10168	129.03004	KR	3285147
Bushehr	28.96887	50.83657	IR	165377
Bushwick	40.69427	-73.91875	US	112620
Business Bay	25.18544	55.26969	AE	191000
Butanta	-23.5702	-46.72628	BR	123748
Butembo	0.14164	29.29117	CD	286242
Butterworth	5.3991	100.36382	MY	107591
Butuan	8.94917	125.54361	PH	309709
Butwāl	27.69121	83.45251	NP	195054
Buxar	25.57548	83.98043	IN	102861
Buzău	45.15	26.83333	RO	103481
Buôn Hồ	12.95226	108.2962	VN	127920
Buôn Ma Thuột	12.66747	108.03775	VN	434256
Bydgoszcz	53.1235	18.00762	PL	330038
Bytom	50.34802	18.93282	PL	189186
Béchar	31.61667	-2.21667	DZ	165241
Bégoua	4.45437	18.53475	CF	264067
Béjaïa	36.75587	5.08433	DZ	176139
Bình Thạnh	10.811	106.706	VN	552164
Bình Thủy	10.07431	105.73974	VN	113565
Büyükçekmece	41.02072	28.58502	TR	163140
Bābol	36.55102	52.6786	IR	202796
Bāli	22.64859	88.34115	IN	296973
Bālurghāt	25.22099	88.77732	IN	153279
Bānda	25.47758	80.33491	IN	152218
Bāndarban	22.19534	92.21946	BD	495272
Bāneh	35.9975	45.8853	IR	110218
Bānkura	23.23241	87.0716	IN	133966
Bānsbāria	22.95387	88.40098	IN	108474
Bānswāra	23.54109	74.4425	IN	101017
Bārākpur	22.76602	88.36336	IN	148174
Bārān	25.1	76.51667	IN	117992
Bārāsat	22.72154	88.48198	IN	298127
Bălţi	47.76291	27.92854	MD	125000
Bīrjand	32.86628	59.22114	IR	196982
Būkān	36.521	46.2089	IR	193501
Būndi	25.43855	75.63735	IN	104919
Būsh	29.14816	31.12733	EG	136441
Bạc Liêu	9.29414	105.72776	VN	156110
Bảo Lộc	11.54798	107.80772	VN	170920
Bắc Giang	21.27307	106.1946	VN	450000
Bắc Ninh	21.18608	106.07631	VN	287658
Bắc Quang	22.48333	104.86667	VN	118690
Bắc Từ Liêm	21.06532	105.74661	VN	340605
Bến Cát	11.15	106.6	VN	364578
Bến Tre	10.24147	106.37585	VN	124449
Bồ Đề	21.05618	105.86675	VN	120028
Cabanatuan City	15.48586	120.96648	PH	343672
Cabimas	10.39907	-71.45206	VE	351736
Cabinda	-5.56198	12.19476	AO	550000
Cabo Frio	-22.88717	-42.02622	BR	238166
Cabo San Lucas	22.89088	-109.91238	MX	202694
Cabo de Santo Agostinho	-8.28773	-35.02925	BR	216969
Cabudare	10.02658	-69.26203	VE	102686
Cabudwaaq	6.24585	46.2247	SO	120000
Cabuyao	14.2726	121.1262	PH	308745
Cachoeirinha	-29.95111	-51.09389	BR	136258
Cachoeirinha	-23.45442	-46.66209	BR	143366
Cachoeiro de Itapemirim	-20.84889	-41.11278	BR	187019
Cacuaco	-8.7798	13.37478	AO	146867
Cadiz	36.52672	-6.2891	ES	116979
Cadiz	10.9465	123.288	PH	129053
Caen	49.18585	-0.35912	FR	110624
Cagayan de Oro	8.48222	124.64722	PH	741617
Cagliari	39.23054	9.11917	IT	149257
Cagua	10.18634	-67.45935	VE	119033
Cai Lậy	10.4	106.11667	VN	143050
Caieiras	-23.36417	-46.74056	BR	102775
Cainta	14.5786	121.1222	PH	283172
Cairns	-16.92366	145.76613	AU	153075
Cairo	30.06263	31.24967	EG	9606916
Cajamarca	-7.16378	-78.50027	PE	201329
Calabar	4.95893	8.32695	NG	540000
Calabozo	8.92416	-67.42929	VE	168605
Calama	-22.45667	-68.92371	CL	166334
Calamba	14.21167	121.16528	PH	575046
Calasiao	16.0111	120.36	PH	100686
Calgary	51.05011	-114.08529	CA	1306784
Cali	3.43054	-76.5199	CO	2392877
Callao	-12.05162	-77.13452	PE	1226200
Caloocan	14.64953	120.96788	PH	1712945
Calumbo	-9.14692	13.41936	AO	652270
Calumpit	14.91639	120.76583	PH	122187
Cam Ranh	11.92144	109.15913	VN	146771
Camagüey	21.38083	-77.91694	CU	347562
Camama	-8.93611	13.26518	AO	667094
Camaragibe	-8.02167	-34.98111	BR	155771
Camayenne	9.535	-13.68778	GN	1871242
Camaçari	-12.6975	-38.32417	BR	188758
Cambridge	43.3601	-80.31269	CA	129920
Cambridge	52.2	0.11667	GB	145674
Cambridge	42.3751	-71.10561	US	110402
Cambé	-23.27583	-51.27833	BR	107208
Cametá	-2.24444	-49.49583	BR	134184
Campeche	19.84073	-90.51676	MX	220389
Campina Grande	-7.23056	-35.88111	BR	348936
Campinas	-22.90556	-47.06083	BR	1031554
Campo Grande	-20.44278	-54.64639	BR	906092
Campo Grande	-23.67463	-46.68751	BR	115925
Campo Largo	-25.45955	-49.53014	BR	136327
Campo Limpo	-23.63634	-46.76565	BR	236162
Campos dos Goytacazes	-21.75227	-41.33044	BR	483540
Canberra	-35.28346	149.12807	AU	367752
Cancún	21.17429	-86.84656	MX	888797
Candelaria	13.93111	121.42333	PH	137933
Cangaiba	-23.49696	-46.52045	BR	141172
Cangzhou	38.31124	116.85334	CN	527681
Canoas	-29.91778	-51.18361	BR	328291
Cao Lãnh	10.46017	105.63294	VN	211912
Cap-Haïtien	19.75938	-72.19815	HT	134815
Capao Redondo	-23.66877	-46.78051	BR	270767
Capas	15.33117	120.5898	PH	162724
Cape Coast	5.10535	-1.2466	GH	212426
Cape Coral	26.56285	-81.94953	US	175229
Cape Town	-33.92584	18.42322	ZA	4772846
Capiatá	-25.3552	-57.44545	PY	198553
Carabanchel	40.39094	-3.7242	ES	253678
Caracas	10.48801	-66.87919	VE	3000000
Caraguatatuba	-23.62028	-45.41306	BR	123389
Carapicuíba	-23.52272	-46.835	BR	386984
Cardiff	51.48	-3.18	GB	372089
Cariacica	-20.26389	-40.42	BR	353491
Carletonville	-26.36094	27.39767	ZA	182304
Carlsbad	33.15809	-117.35059	US	114746
Carmona	14.3132	121.0576	PH	112140
Carnot	4.94273	15.87735	CF	129032
Carolina	18.38078	-65.95739	PR	170404
Carora	10.17283	-70.081	VE	121741
Carrefour	18.53333	-72.4	HT	511345
Carrollton	32.95373	-96.89028	US	133168
Cartagena	10.39817	-75.49328	CO	914552
Cartagena	37.60197	-0.98397	ES	213943
Cartago	4.74639	-75.91167	CO	134972
Caruaru	-8.28333	-35.97611	BR	402290
Cary	35.79154	-78.78112	US	159769
Carúpano	10.66516	-63.25387	VE	167187
Casablanca	33.58831	-7.61138	MA	3665954
Cascavel	-24.95583	-53.45528	BR	257172
Castanhal	-1.29389	-47.92639	BR	192256
Castelar	-34.65142	-58.64074	AR	107786
Castelló de la Plana	39.98567	-0.04935	ES	171857
Catacamas	14.85114	-85.89412	HN	140548
Catalão	-18.16583	-47.94639	BR	114427
Catamarca	-28.46957	-65.78524	AR	159139
Catanduva	-21.13778	-48.97278	BR	115791
Catania	37.49223	15.07041	IT	311584
Catbalogan	11.77528	124.88611	PH	107896
Catchiungo	-12.56598	16.22589	AO	120677
Catia La Mar	10.60545	-67.03238	VE	106822
Caucaia	-3.73611	-38.65306	BR	355679
Cavite City	14.48369	120.89878	PH	115932
Caxias	-4.85889	-43.35611	BR	156973
Caxias do Sul	-29.16806	-51.17944	BR	381270
Cazenga	-8.83796	13.28399	AO	394170
Caála	-12.8525	15.56056	AO	130000
Cebu City	10.31672	123.89071	PH	965332
Cedar Rapids	42.00833	-91.64407	US	130405
Ceilândia	-15.8091	-48.13096	BR	287023
Celaya	20.52181	-100.81399	MX	340387
Centennial	39.57916	-104.87692	US	109741
Central Coast	-33.42979	151.37144	AU	346596
Centralniy	59.93111	30.36072	RU	214625
Centro Habana	23.13488	-82.36893	CU	158151
Centurion	-25.85891	28.18577	ZA	236580
Cergy-Pontoise	49.03894	2.07805	FR	183430
Cerro	23.10789	-82.38356	CU	132351
Chaeryŏng-ni	38.73583	125.23083	KP	125631
Chak Jhumra	31.56808	73.18317	PK	385169
Chakwal	32.93286	72.85394	PK	101200
Chakwama	11.55965	9.66407	NG	200000
Chalco	19.26174	-98.89775	MX	168720
Chaman	30.91769	66.45259	PK	130139
Chamartín	40.46206	-3.6766	ES	140000
Chamberí	40.43404	-3.70379	ES	145934
Chandannagar	22.86225	88.36796	IN	180623
Chandigarh	30.73629	76.7884	IN	970602
Chandler	33.30616	-111.84125	US	260828
Chanduasi	28.45178	78.78277	IN	112635
Chang-hua	24.07327	120.56276	TW	226564
Changam-ch’on	40.60611	128.78194	KP	207299
Changchun	43.88	125.32278	CN	4714996
Changde	29.03205	111.69844	CN	1457419
Changhua	24.0692	120.5512	TW	226564
Changji	44.00782	87.30461	CN	198776
Changle	36.70583	118.8275	CN	259161
Changning	31.21739	121.42105	CN	694900
Changsha	22.38124	112.68492	CN	688242
Changsha	28.19874	112.97087	CN	3093980
Changshu	31.64615	120.74221	CN	1677050
Changwon	35.22806	128.68111	KR	1025702
Changyi	36.85361	119.39083	CN	302072
Changyuan	29.40499	105.58827	CN	186653
Changzheng	31.23913	121.36779	CN	229925
Changzhi	36.18389	113.10528	CN	1214940
Changzhi	35.20889	111.73861	CN	699514
Changzhou	31.77359	119.95401	CN	3290918
Chaohu	31.6	117.86667	CN	138463
Chaoyang	41.57028	120.45861	CN	410005
Chaozhou	23.65396	116.62262	CN	1750945
Chapecó	-27.09639	-52.61833	BR	160157
Charallave	10.24247	-66.85723	VE	129182
Charleroi	50.41136	4.44448	BE	200132
Charleston	32.77632	-79.93275	US	132609
Charlotte	35.22709	-80.84313	US	911311
Charlottenburg	52.51667	13.28333	DE	129359
Charsadda	34.14822	71.7406	PK	120170
Chas	23.63556	86.16712	IN	141640
Chattanooga	35.04563	-85.30968	US	181099
Chattogram	22.3384	91.83168	BD	3920222
Chatuchak	13.82895	100.55931	TH	160906
Cheboksary	56.13218	47.246	RU	492331
Chelmsford	51.73575	0.46958	GB	111511
Cheltenham	51.90006	-2.07972	GB	118836
Chelyabinsk	55.1611	61.42877	RU	1202371
Chemnitz	50.8357	12.92922	DE	247220
Chengde	40.9519	117.95883	CN	449325
Chengdu	30.66667	104.06667	CN	13568357
Chenggu	33.14917	107.32583	CN	116375
Chenghua	23.46132	116.77007	CN	152453
Chengqiao	31.63082	121.39252	CN	113442
Chengtangcun	35.08357	117.19071	CN	105456
Chengzhong	30.94454	113.55284	CN	265886
Chennai	13.08784	80.27847	IN	4681087
Chenzhou	25.8	113.03333	CN	822534
Cheonan	36.8065	127.1522	KR	658831
Cheongju-si	36.63722	127.48972	KR	852147
Cheras	3.108	101.726	MY	135823
Cheremushky	46.43251	30.71151	UA	120000
Cherepovets	59.13333	37.9	RU	315738
Cherkasy	49.44452	32.05738	UA	269836
Cherkessk	44.22375	42.04624	RU	122395
Chernihiv	51.50541	31.28656	UA	282747
Chernivtsi	48.29045	25.93241	UA	264298
Chertanovo Yuzhnoye	55.59072	37.59519	RU	142000
Cherëmushki	55.66473	37.56135	RU	106587
Chesapeake	36.81904	-76.27494	US	235429
Chesterfield	53.25	-1.41667	GB	113057
Chetumal	18.51957	-88.30397	MX	169028
Chhatarpur	24.9177	79.58871	IN	142128
Chhindwāra	22.05697	78.93958	IN	175052
Chiang Mai	18.79038	98.98468	TH	127240
Chiayi City	23.47917	120.44889	TW	263188
Chiba	35.6	140.11667	JP	979768
Chicago	41.85003	-87.65005	US	2664452
Chichawatni	30.5301	72.69155	PK	112191
Chichicastenango	14.94333	-91.11116	GT	141567
Chiclayo	-6.77008	-79.85495	PE	609400
Chico	39.72849	-121.83748	US	121345
Chicoloapan	19.41687	-98.90202	MX	172919
Chifeng	42.26833	118.96361	CN	346654
Chigasaki	35.33638	139.40434	JP	242798
Chihuahua	28.63528	-106.08889	MX	925762
Chikmagalūr	13.32231	75.774	IN	121484
Chikusei	36.316	139.98238	JP	100753
Chikushino-shi	33.49631	130.5156	JP	103311
Chilakalūrupet	16.08987	80.16705	IN	101398
Chilanzar	41.28194	69.18111	UZ	260700
Chililabombwe	-12.36475	27.82286	ZM	113876
Chilliwack	49.16638	-121.95257	CA	101491
Chillán	-36.60664	-72.10344	CL	150396
Chilpancingo	17.55228	-99.50124	MX	187251
Chimbote	-9.07508	-78.59373	PE	316966
Chimoio	-19.11639	33.48333	MZ	422046
Chinandega	12.62951	-87.13133	NI	126387
Chinatown	37.7966	-122.40858	US	100574
Chinautla	14.70289	-90.49983	GT	104972
Chincha Alta	-13.40985	-76.13235	PE	153076
Chingola	-12.52897	27.88382	ZM	256560
Chiniot	31.72091	72.97836	PK	318165
Chinju	35.19278	128.08472	KR	307242
Chipata	-13.63333	32.65	ZM	327059
Chiquimula	14.8009	-89.54641	GT	111505
Chirchiq	41.46889	69.58222	UZ	162800
Chirmiri	23.19073	82.35314	IN	100800
Chishtian	29.79713	72.85772	PK	149939
Chisinau	47.00902	28.85938	MD	635994
Chita	52.04311	113.49171	RU	349005
Chitato	-7.3	20.73333	AO	246880
Chitradurga	14.22262	76.40038	IN	145853
Chittoor	13.21055	79.0956	IN	160722
Chittorgarh	24.88963	74.62403	IN	116406
Chitungwiza	-18.01274	31.07555	ZW	371246
Chizhou	30.66134	117.47783	CN	615274
Chlef	36.16525	1.33452	DZ	178616
Choa Chu Kang New Town	1.3825	103.74972	SG	187550
Choloma	15.61444	-87.95302	HN	139100
Cholula	19.06406	-98.30352	MX	292881
Chom Thong	13.67717	100.48407	TH	158005
Chon Buri	13.3622	100.98345	TH	219164
Chongjin	41.79556	129.77583	KP	327000
Chongming	31.61852	121.69621	CN	637921
Chongqing	29.56026	106.55771	CN	7457599
Chongzuo	22.38161	107.3683	CN	384905
Chorzów	50.30582	18.9742	PL	113430
Christchurch	-43.53333	172.63333	NZ	419200
Chula Vista	32.64005	-117.0842	US	265757
Chumakivskyi	47.95671	37.94194	UA	103005
Chuncheon	37.87472	127.73417	KR	284855
Chunga	-15.31737	28.26868	ZM	115539
Chungju	36.97666	127.9287	KR	209483
Chunian	30.96621	73.97908	PK	634236
Chust	41.00329	71.23791	UZ	100200
Chuxiong	25.03639	101.54556	CN	555081
Chuzhou	32.32194	118.29778	CN	782671
Chéngguān Qū	29.63842	91.04441	CN	478275
Chí Linh	21.06667	106.31667	VN	220421
Chía	4.85876	-74.05866	CO	124309
Chóngfú	30.53113	120.4309	CN	112060
Chālūs	36.655	51.4204	IR	107490
Chānda	19.95076	79.29523	IN	328351
Chāndpur	23.22714	90.65433	BD	203000
Chāpra	25.78031	84.74709	IN	202352
Chōfu	35.65924	139.54837	JP	242614
Chũ	21.37379	106.56649	VN	127881
Chūru	28.30415	74.96718	IN	120157
Chūō	35.67004	139.77544	JP	169179
Chơn Thành	11.42821	106.63536	VN	121083
Chợ Lớn	10.75	106.65	VN	561000
Ch’ŏngdan-ŭp	37.97028	125.9375	KP	142607
Ciamis	-7.3257	108.3534	ID	109839
Ciampea	-6.55472	106.70083	ID	207212
Cianjur	-6.82222	107.13944	ID	174587
Cibinong	-6.48167	106.85417	ID	363424
Cidade Ademar	-23.67379	-46.65681	BR	249218
Cidade Dutra	-23.72576	-46.7024	BR	182459
Cidade Lider	-23.56202	-46.4913	BR	136660
Cidade Tiradentes	-23.58481	-46.40084	BR	192177
Ciego de Ávila	21.8422	-78.76034	CU	142027
Cienfuegos	22.14681	-80.4481	CU	186644
Cikampek	-6.41972	107.45583	ID	127173
Cikarang	-6.26111	107.15278	ID	106479
Cikupa	-6.23639	106.50833	ID	174041
Cilacap	-7.72639	109.00944	ID	256996
Cilegon	-6.0144	106.0542	ID	470378
Cileungsir	-6.39472	106.95917	ID	289833
Cileunyi	-6.93889	107.75278	ID	111476
Cimahi	-6.87222	107.5425	ID	581994
Cincinnati	39.12711	-84.51439	US	311097
Ciputat	-6.2375	106.69556	ID	207858
Circoiscrizione II	45.05013	7.64052	IT	141344
Circoiscrizione III	45.06279	7.63071	IT	130709
Circoiscrizione V	45.10147	7.65538	IT	126666
Circoiscrizione VI	45.1022	7.70029	IT	107369
Circoiscrizione VIII	45.03789	7.67174	IT	134028
Cirebon	-6.7063	108.557	ID	344851
Citeureup	-6.48556	106.88194	ID	214668
City of Port Phillip	-37.83382	144.93834	AU	112669
City of Westminster	51.4975	-0.1357	GB	247614
Ciudad Acuña	29.32322	-100.95217	MX	216099
Ciudad Apodaca	25.78143	-100.18911	MX	467157
Ciudad Benito Juárez	25.6466	-100.09142	MX	308285
Ciudad Bolívar	8.12366	-63.54694	VE	412619
Ciudad Camilo Cienfuegos	23.16076	-82.32798	CU	178041
Ciudad Delicias	28.19013	-105.47012	MX	148045
Ciudad General Escobedo	25.79663	-100.31767	MX	454967
Ciudad Guayana	8.35122	-62.64102	VE	978202
Ciudad Guzmán	19.70413	-103.46383	MX	111975
Ciudad Juárez	31.72024	-106.46084	MX	1512450
Ciudad Lineal	40.44505	-3.65132	ES	228171
Ciudad Lázaro Cárdenas	17.96256	-102.19887	MX	196003
Ciudad López Mateos	19.55793	-99.25675	MX	489160
Ciudad Madero	22.2475	-97.83665	MX	197216
Ciudad Nezahualcoyotl	19.40061	-99.01483	MX	1077208
Ciudad Obregón	27.48642	-109.94079	MX	329404
Ciudad Ojeda	10.20161	-71.3148	VE	240283
Ciudad Valles	21.99631	-99.01093	MX	124644
Ciudad Victoria	23.74061	-99.14364	MX	332100
Ciudad de Villa de Álvarez	19.26722	-103.73778	MX	117600
Ciudad del Carmen	18.64592	-91.82991	MX	191238
Ciudad del Este	-25.5036	-54.65067	PY	301815
Ciutat Vella	41.38022	2.17319	ES	102347
Cixi	30.1764	121.2457	CN	1457510
Cizre	37.33024	42.18484	TR	134041
Clarksville	36.52977	-87.35945	US	166722
Clearwater	27.96585	-82.8001	US	117292
Clermont-Ferrand	45.77969	3.08682	FR	147865
Cleveland	41.4995	-81.69541	US	365379
Clovis	36.82523	-119.70292	US	104180
Cluj-Napoca	46.76667	23.6	RO	286598
Coacalco	19.62923	-99.10689	MX	277959
Coatepeque	14.70413	-91.86426	GT	105415
Coatzacoalcos	18.14905	-94.4447	MX	310698
Cobán	15.47025	-90.37455	GT	212047
Cochabamba	-17.38195	-66.15995	BO	841276
Codó	-4.45528	-43.88556	BR	114275
Coimbatore	11.00555	76.96612	IN	2136916
Coimbra	40.20686	-8.41996	PT	140796
Colatina	-19.53944	-40.63056	BR	101190
Colchester	51.88921	0.90421	GB	130245
Colima	19.24473	-103.7127	MX	146965
Colina	-33.20443	-70.67474	CL	146207
College Station	30.62798	-96.33441	US	107889
Colombo	-25.29167	-49.22417	BR	232212
Colombo	6.93548	79.84868	LK	648034
Colonia Lindavista	19.49156	-99.12475	MX	100000
Colonia del Valle	19.38611	-99.16204	MX	250000
Colorado Springs	38.83388	-104.82136	US	456568
Columbia	38.95171	-92.33407	US	129330
Columbia	34.00071	-81.03481	US	142416
Columbus	32.46098	-84.98771	US	206922
Columbus	39.96118	-82.99879	US	913175
Comilla	23.46186	91.18503	BD	634654
Comitán	16.24004	-92.13668	MX	166178
Commonwealth	14.6969	121.08006	PH	215034
Comodoro Rivadavia	-45.86256	-67.494	AR	140850
Conakry	9.53795	-13.67729	GN	1928389
Concepcion	15.32546	120.65723	PH	178549
Concepción	-36.82699	-73.04977	CL	223574
Concord	37.97798	-122.03107	US	128667
Concordia	-31.39195	-58.01706	AR	145210
Conselheiro Lafaiete	-20.66028	-43.78611	BR	111596
Constantine	36.365	6.61472	DZ	448028
Constanţa	44.18073	28.63432	RO	317832
Contagem	-19.93167	-44.05361	BR	627123
Copacabana	-22.96898	-43.18563	BR	128919
Copenhagen	55.67594	12.56553	DK	1153615
Copiapó	-27.36737	-70.33219	CL	129280
Coquimbo	-29.95332	-71.33947	CL	161317
Coquitlam	49.2846	-122.78217	CA	148625
Coral Springs	26.27119	-80.2706	US	129485
Cork	51.89797	-8.47061	IE	224004
Coro	11.40769	-69.67822	VE	246657
Corona	40.74705	-73.86014	US	109698
Corona	33.87529	-117.56644	US	164226
Coronel	-37.03386	-73.14019	CL	107759
Coronel Fabriciano	-19.51861	-42.62889	BR	104736
Corpus Christi	27.80058	-97.39638	US	316239
Corrientes	-27.46784	-58.8344	AR	346334
Costa Mesa	33.64113	-117.91867	US	113204
Cotabato	7.22361	124.24639	PH	383383
Cotia	-23.60389	-46.91917	BR	253608
Cotonou	6.36536	2.41833	BJ	679012
Coventry	52.40656	-1.51217	GB	345324
Cox’s Bāzār	21.43973	92.00955	BD	253788
Coyoacán	19.3467	-99.16174	MX	614447
Craiova	44.31667	23.8	RO	234140
Crato	-7.23417	-39.40944	BR	131050
Crawley	51.11303	-0.18312	GB	124008
Criciúma	-28.6775	-49.36972	BR	161954
Croix-des-Bouquets	18.57677	-72.22625	HT	229127
Croydon	51.38333	-0.1	GB	173314
Cuauhtémoc	19.44506	-99.14612	MX	531831
Cuauhtémoc	28.4063	-106.86667	MX	168482
Cuautitlán	19.67052	-99.17989	MX	178847
Cuautitlán Izcalli	19.64388	-99.21598	MX	555163
Cuautla	18.8106	-98.93525	MX	157336
Cubatão	-23.895	-46.42528	BR	112476
Cuddalore	11.75617	79.76693	IN	173636
Cuenca	-2.8953	-78.9963	EC	636996
Cuernavaca	18.9261	-99.23075	MX	338650
Cuiabá	-15.59611	-56.09667	BR	618124
Culiacán	24.80209	-107.39421	MX	808416
Cumaná	10.4639	-64.17859	VE	405626
Curicó	-34.98279	-71.23943	CL	102438
Curitiba	-25.42778	-49.27306	BR	1948626
Cursino	-23.63143	-46.62072	BR	103171
Curug	-6.26583	106.55639	ID	191406
Cusco	-13.53188	-71.96701	PE	428450
Cuttack	20.46497	85.87927	IN	610189
Cuíto	-12.38333	16.93333	AO	355423
Cypress	29.96911	-95.69717	US	200839
Częstochowa	50.79646	19.12409	PL	248125
Cà Mau	9.17682	105.15242	VN	226372
Córdoba	-31.40648	-64.18853	AR	2106734
Córdoba	37.89155	-4.77275	ES	325708
Córdoba	18.8842	-96.92559	MX	204721
Cúa	10.16245	-66.88248	VE	182558
Cúcuta	7.90745	-72.5049	CO	777106
Cần Giuộc	10.60857	106.67135	VN	152200
Cần Thơ	10.03711	105.78825	VN	1507187
Cầu Giấy	21.03228	105.80073	VN	292536
Cẩm Phả	21.01004	107.27345	VN	190232
Cẩm Phả Mines	21.01667	107.3	VN	135477
Cờ Đỏ	10.09377	105.42916	VN	116576
Da Nang	16.06778	108.22083	VN	1276000
Dabou	5.32556	-4.37685	CI	138083
Dachang	31.30873	121.41526	CN	371856
Dadu	26.73033	67.7769	PK	201017
Daegu	35.87028	128.59111	KR	2365523
Daejeon	36.34913	127.38493	KR	1441203
Dagenham	51.55	0.16667	GB	108368
Dagupan	16.04313	120.33325	PH	171271
Daitō	34.71378	135.62033	JP	119367
Dajal	29.55769	70.37614	PK	200000
Dakar	14.6937	-17.44406	SN	2646503
Dakhla	23.68477	-15.95798	EH	106277
Dali	25.58474	100.21229	CN	235305
Dalian	38.91222	121.60222	CN	4913879
Daliang	22.84067	113.2503	CN	210411
Dallas	32.78306	-96.80667	US	1326087
Daloa	6.87735	-6.45022	CI	421871
Daly City	37.70577	-122.46192	US	106562
Dalūpura	28.6057	77.31901	IN	154791
Dam Dam	22.63341	88.42286	IN	122719
Damanhur	31.03408	30.46823	EG	318207
Damascus	33.5102	36.29128	SY	1569394
Damietta	31.41648	31.81332	EG	305920
Dammam	26.43442	50.10326	SA	1252523
Damoh	23.83312	79.4419	IN	139561
Dandong	40.12917	124.39472	CN	631973
Danlí	14.03333	-86.58333	HN	233789
Danshui	22.7984	114.46716	CN	126701
Danshui	25.17196	121.4429	TW	189271
Daoukro	7.0591	-3.9631	CI	101136
Daqing	46.58333	125.0	CN	1604027
Dar Bouazza	33.51535	-7.81677	MA	165295
Dar es Salaam	-6.82349	39.26951	TZ	5383728
Darbhanga	26.15216	85.89707	IN	296039
Darmstadt	49.87167	8.65027	DE	167029
Darnah	32.76704	22.63669	LY	102581
Darnytsya	50.41596	30.69534	UA	343384
Dartmouth	44.67134	-63.57719	CA	101343
Darwin	-12.46113	130.84185	AU	139902
Dasha	23.11037	113.4418	CN	116307
Daska Kalan	32.32422	74.35039	PK	126924
Dasmariñas	14.32944	120.93667	PH	441876
Datia	25.67312	78.45908	IN	100284
Datong	40.09361	113.29139	CN	1850000
Datun	34.80923	116.90174	CN	110258
Daule	-1.86032	-79.97683	EC	173684
Daur	26.45528	68.31835	PK	128958
Davangere	14.46693	75.92694	IN	435128
Davao	7.07306	125.61278	PH	1848947
Davenport	41.52364	-90.57764	US	102582
Davie	26.06287	-80.2331	US	100882
Dawei	14.0823	98.19151	MM	136783
Dawukou	39.04194	106.39583	CN	131880
Daxing	39.74025	116.32693	CN	104904
Daxing’anling	52.33385	124.71242	CN	520000
Daye	30.08333	114.95	CN	347406
Dayrah	25.27143	55.30207	AE	400000
Dayrūţ	27.55642	30.81057	EG	102570
Dayton	39.75895	-84.19161	US	135512
Dazhou	31.2106	107.46308	CN	1589435
Daşoguz	41.83625	59.96661	TM	201142
Dchira El Jihadia	30.37345	-9.54761	MA	109564
Debre Birhan	9.67954	39.53262	ET	146900
Debre Mark’os	10.35	37.73333	ET	140700
Debre Tabor	11.85	38.01667	ET	125300
Debrecen	47.53167	21.62444	HU	202402
Deer Valley	33.68393	-112.13488	US	165656
Deesa	24.25612	72.17928	IN	111160
Dehiwala-Mount Lavinia	6.84019	79.87116	LK	219827
Dehradun	30.32443	78.03392	IN	522081
Dehui	44.53674	125.69427	CN	108818
Deir ez-Zor	35.33588	40.14084	SY	271800
Delegación Cuajimalpa de Morelos	19.3692	-99.29089	MX	160491
Delhi	28.65195	77.23149	IN	11034555
Delhi Cantonment	28.6	77.13333	IN	110351
Delicias	41.64928	-0.90757	ES	110520
Delmas	18.54478	-72.30036	HT	395260
Delta	49.08917	-123.05322	CA	101668
Dengzhou	32.68273	112.08873	CN	285032
Denizli	37.77417	29.0875	TR	313238
Denpasar	-8.65	115.21667	ID	670210
Denton	33.21484	-97.13307	US	131044
Denver	39.73915	-104.9847	US	729019
Deoghar	24.48983	86.69902	IN	203123
Deoli	28.50254	77.23117	IN	169122
Deoria	26.50167	83.77936	IN	129570
Depok	-7.7625	110.43167	ID	104527
Depok	-6.4	106.81861	ID	2163635
Dera Ghazi Khan	30.04587	70.64029	PK	494464
Dera Ismail Khan	31.83129	70.9017	PK	763195
Dera Murad Jamali	28.54657	68.22308	PK	106952
Derbent	42.06622	48.28759	RU	105965
Derby	52.92277	-1.47663	GB	270468
Derince	40.75694	29.81472	TR	125485
Des Moines	41.60054	-93.60911	US	214133
Desna	50.52207	30.68228	UA	368500
Desnyanskyi	51.50631	31.3168	UA	179600
Dessalines	19.26177	-72.51611	HT	181903
Dessie	11.13333	39.63333	ET	270400
Detroit	42.33143	-83.04575	US	645705
Dewas	22.96585	76.05526	IN	289550
Deyang	31.13019	104.38198	CN	735070
Dezful	32.38114	48.40581	IR	264709
Dezhou	37.44661	116.36706	CN	679535
Dhaka	23.7104	90.40744	BD	10356500
Dhamtari	20.70718	81.54874	IN	101677
Dhamār	14.54274	44.40514	YE	160114
Dhanbad	23.79759	86.42992	IN	1196214
Dhangaḍhi̇̄	28.70159	80.58991	NP	204788
Dharashiv	18.18158	76.03889	IN	112085
Dharmavaram	14.41435	77.72035	IN	121874
Dharān	26.81436	87.27972	NP	173096
Dhaulpur	26.69286	77.87968	IN	133075
Dhirkot	34.03917	73.57694	PK	195000
Dhule	20.9013	74.77737	IN	375559
Dhārāvi	19.05	72.86667	IN	700000
Diadema	-23.68611	-46.62278	BR	393237
Dibrugarh	27.47989	94.90837	IN	145488
Didao	45.34725	130.83693	CN	109561
Diepsloot	-25.93312	28.01213	ZA	350000
Diez de Octubre	23.0881	-82.3597	CU	227293
Digos	6.74972	125.35722	PH	116122
Digri	25.15657	69.11098	PK	234578
Dihok	36.86608	42.9879	IQ	340900
Dijon	47.31344	5.01391	FR	159941
Dikirnis	31.08898	31.59478	EG	101082
Dili	-8.55861	125.57361	TL	150000
Dimitrovgrad	54.21386	49.61838	RU	132226
Dimāpur	25.91174	93.7217	IN	135860
Din Daeng	13.7904	100.57014	TH	130220
Dinaig	7.16985	124.20836	PH	116768
Dinajpur	25.62745	88.63779	BD	206234
Dinapore	25.63705	85.04794	IN	152940
Dinapur Nizamat	25.63847	85.05118	IN	182429
Dindigul	10.36896	77.98036	IN	292512
Dingxi	35.57088	104.62303	CN	420614
Dingzhou	38.51473	114.9868	CN	152934
Diourbel	14.64792	-16.24363	SN	157554
Dire Dawa	9.59306	41.86611	ET	343000
Disūq	31.13259	30.64784	EG	149291
Divinópolis	-20.14355	-44.89065	BR	231091
Divo	5.83739	-5.35723	CI	136627
Dixinn	9.55111	-13.67306	GN	137287
Diyarbakır	37.91363	40.21721	TR	1833684
Djelfa	34.67279	3.263	DZ	265833
Djibouti	11.58901	43.14503	DJ	626512
Dnipro	48.46664	35.04066	UA	968502
Dniprovskyi	50.45366	30.60146	UA	357900
Dodoma	-6.17221	35.73947	TZ	765179
Doha	25.28545	51.53096	QA	344939
Dohad	22.83283	74.25986	IN	118846
Doilungdêqên	29.65505	90.99177	CN	137451
Dokri	27.37421	68.09715	PK	125000
Dolisie	-4.19834	12.66664	CG	121000
Dombivali	19.21667	73.08333	IN	1247327
Donaustadt	48.2333	16.46002	AT	187007
Doncaster	53.52285	-1.13116	GB	113566
Donetsk	48.023	37.80224	UA	901645
Dongguan	23.01797	113.74866	CN	9644871
Donghae City	37.54389	129.10694	KR	101128
Donghai	22.94593	115.64204	CN	264709
Dongling	41.81444	123.57583	CN	171454
Dongtai	32.85231	120.30947	CN	262873
Dongyang	29.26778	120.22528	CN	130387
Dongying	37.46271	118.49165	CN	998968
Donostia / San Sebastián	43.31283	-1.97499	ES	185357
Dordrecht	51.81	4.67361	NL	119260
Dortmund	51.51494	7.466	DE	588462
Dorūd	33.49218	49.0616	IR	121638
Dos Hermanas	37.28287	-5.92088	ES	122943
Dosquebradas	4.83916	-75.66727	CO	206693
Douala	4.04827	9.70428	CM	1338082
Douliu	23.70944	120.54333	TW	107924
Dourados	-22.22111	-54.80556	BR	162202
Downey	33.94001	-118.13257	US	114219
Drammen	59.74389	10.20449	NO	106013
Dresden	51.05089	13.73832	DE	564904
Dubai	25.07725	55.30927	AE	3790000
Dubai Investments Park	25.00827	55.15682	AE	160000
Dubai Marina	25.08525	55.14646	AE	120000
Dublin	53.33306	-6.24889	IE	1024027
Dubréka	9.79111	-13.52333	GN	182296
Dudley	52.5	-2.08333	GB	199059
Duekoué	6.74202	-7.34918	CI	117023
Duisburg	51.43247	6.76516	DE	504358
Dumaguete	9.30646	123.30769	PH	113541
Dumai	1.66711	101.44316	ID	349389
Dundee	56.46913	-2.97489	GB	148210
Dundo	-7.36643	20.81557	AO	177604
Dunedin	-45.87416	170.50361	NZ	132800
Dunhua	43.36954	128.22861	CN	148844
Dunhuang	40.16667	94.68333	CN	186027
Duque de Caxias	-22.78556	-43.31167	BR	818329
Durban	-29.8579	31.0292	ZA	3338026
Durg	21.19147	81.27619	IN	268806
Durgapur	23.51583	87.30801	IN	518872
Durham	35.99403	-78.89862	US	257636
Durrës	41.32355	19.45469	AL	195920
Dushanbe	38.53575	68.77905	TJ	679400
Dusit	13.77706	100.51958	TH	107655
Duyun	26.26667	107.51667	CN	198516
Dzerzhinsk	56.24422	43.45543	RU	233126
Düsseldorf	51.22319	6.77927	DE	618685
Düzce	40.83889	31.16389	TR	194097
Dārjiling	27.03333	88.26667	IN	123797
Dąbrowa Górnicza	50.33394	19.20479	PL	116971
Dĩ An	10.90682	106.7694	VN	463023
Dīla	6.41667	38.31667	ET	158800
Dūmā	33.57175	36.4027	SY	111864
East Chattanooga	35.06535	-85.24912	US	154024
East Flatbush	40.65371	-73.93042	US	178464
East Hampton	37.03737	-76.33161	US	147993
East Harlem	40.79472	-73.9425	US	115921
East Helsinki	60.21043	25.08289	FI	170557
East Independence	39.09556	-94.35523	US	110675
East Jerusalem	31.78336	35.23388	PS	428304
East London	-33.01529	27.91162	ZA	478676
East Los Angeles	34.0239	-118.17202	US	126496
East New York	40.66677	-73.88236	US	173198
Eastbourne	50.76871	0.28453	GB	101689
Ebetsu	43.10806	141.55056	JP	133953
Ebina	35.38121	139.39651	JP	136516
Ebute Ikorodu	6.60086	3.48818	NG	535619
Ecatepec de Morelos	19.60492	-99.06064	MX	1645352
Ede	7.73635	4.43536	NG	159866
Edinburgh	55.95206	-3.19648	GB	514990
Edirne	41.67719	26.55597	TR	180002
Edison	40.51872	-74.4121	US	102548
Edmonton	53.55014	-113.46871	CA	1010899
Edogawe	35.69225	139.87308	JP	697932
Edéa	3.8	10.13333	CM	103861
Efon-Alaaye	7.65649	4.92235	NG	279319
Eimsbüttel	53.57416	9.95679	DE	269118
Eindhoven	51.44083	5.47778	NL	235691
Eixample	41.38896	2.16179	ES	266477
Ejido	8.54665	-71.24087	VE	120978
Ejigbo	7.90303	4.31364	NG	138357
Ekibastuz	51.72371	75.32287	KZ	121470
El Achir	36.06386	4.62744	DZ	158333
El Cajon	32.79477	-116.96253	US	103679
El Daein	11.46186	26.12583	SD	264734
El Dibir	11.76667	51.21667	SO	200000
El Eulma	36.15281	5.69016	DZ	145380
El Fasher	13.62793	25.34936	SD	252609
El Geneina Fort	13.47481	22.45744	SD	134264
El Jadida	33.25682	-8.50882	MA	212863
El Kelaa des Srarhna	32.05121	-7.41079	MA	103982
El Limón	10.30589	-67.63212	VE	148247
El Monte	34.06862	-118.02757	US	116732
El Mourouj	36.71364	10.2096	TN	120732
El Obeid	13.18421	30.21669	SD	393311
El Oued	33.35608	6.86319	DZ	186525
El Paso	31.75872	-106.48693	US	678815
El Progreso	15.4	-87.8	HN	100810
El Tigre	8.88902	-64.2527	VE	222450
El Vigía	8.6135	-71.65702	VE	162289
Elazığ	38.67431	39.22321	TR	443363
Elbasan	41.11138	20.08224	AL	100903
Elbląg	54.1522	19.40884	PL	127558
Elche	38.26218	-0.70107	ES	234765
Eldoret	0.52036	35.26993	KE	475716
Elektrostal’	55.78647	38.45713	RU	144387
Elgin	42.03725	-88.28119	US	112111
Elista	46.30794	44.25537	RU	106971
Elizabeth	40.66399	-74.2107	US	129007
Elk Grove	38.4088	-121.37162	US	166913
Elmhurst	40.73649	-73.87791	US	113364
Eloy Alfaro	-2.16919	-79.83987	EC	315724
Eluru	16.71311	81.10437	IN	218020
Emalahleni	-25.87133	29.23323	ZA	373403
Embu das Artes	-23.64889	-46.85222	BR	250691
Eminabad	32.04237	74.25996	PK	150646
Encheng	22.18659	112.30424	CN	110921
Enfield Town	51.65147	-0.08497	GB	156858
Engels	51.48389	46.10528	RU	196011
Enschede	52.21833	6.89583	NL	153655
Ensenada	31.87149	-116.60071	MX	443807
Enshi	30.3	109.48333	CN	279185
Entebbe	0.05621	32.47949	UG	102600
Enterprise	36.02525	-115.24194	US	108481
Enugu	6.44132	7.49883	NG	950000
Envigado	6.17591	-75.59174	CO	163007
Epworth	-17.89	31.1475	ZW	206365
Erbil	36.19117	44.00943	IQ	1612700
Erebuni	40.13309	44.53009	AM	129700
Ereğli	37.51333	34.04672	TR	156253
Erfurt	50.97734	11.03536	DE	218793
Erlangen	49.59099	11.00783	DE	102675
Ermelino Matarazzo	-23.49472	-46.47389	BR	112333
Ermelo	-26.53333	29.98333	ZA	100324
Erode	11.3428	77.72741	IN	521891
Errachidia	31.9314	-4.42663	MA	100870
Erzincan	39.73919	39.49015	TR	150714
Erzurum	39.90861	41.27694	TR	767848
Escondido	33.11921	-117.08642	US	151038
Escuintla	14.30097	-90.78816	GT	156313
Esenler	41.0435	28.87619	TR	520235
Esenyurt	41.02697	28.67732	TR	983571
Eskişehir	39.77667	30.52056	TR	921630
Eslamshahr	35.55222	51.23504	IR	450000
Esmeraldas	0.9592	-79.65397	EC	218727
Esna	25.29336	32.55402	EG	462787
Espoo	60.2052	24.6522	FI	323910
Essen	51.45657	7.01228	DE	593085
Esuk Oron	4.80293	8.25341	NG	112033
Etah	27.55879	78.65692	IN	131023
Etobicoke	43.64415	-79.56985	CA	365000
Etwatwa	-26.12516	28.45472	ZA	151866
Etāwah	26.77615	79.02133	IN	257448
Eugene	44.05207	-123.08675	US	176654
Eunápolis	-16.3775	-39.58028	BR	113710
Evansville	37.97476	-87.55585	US	119943
Evaton	-26.53333	27.85	ZA	725468
Everett	47.97898	-122.20208	US	108010
Exeter	50.7236	-3.52751	GB	130709
Ezeiza	-34.8544	-58.52474	AR	115021
Ezhou	30.4	114.83333	CN	193652
E’zhou	30.39607	114.88655	CN	668727
Facatativá	4.81367	-74.35453	CO	141762
Fairfield	38.24936	-122.03997	US	112970
Faisalabad	31.41554	73.08969	PK	3800193
Fangchenggang	21.76945	108.35661	CN	276315
Fanling	22.49487	114.13949	HK	263200
Fardīs	35.7555	50.9967	IR	181174
Fargo	46.87719	-96.7898	US	118523
Faridabad	28.41124	77.31316	IN	1414050
Farrukhābād	27.39134	79.5793	IN	241152
Farīdpur	23.60612	89.84064	BD	112187
Fatehpur	25.92774	80.81266	IN	166480
Fatih	41.0225	28.94083	TR	356025
Favoriten	48.16116	16.38233	AT	201882
Fayetteville	35.05266	-78.87836	US	201963
Fazenda Rio Grande	-25.6575	-49.30806	BR	148873
Feira de Santana	-12.26667	-38.96667	BR	619609
Fendou	46.64142	124.86283	CN	226298
Fengcheng	34.70388	116.58717	CN	161850
Fengcheng	40.45361	124.07167	CN	120514
Fengcheng	29.82587	107.06019	CN	175576
Fenghuang	27.93557	109.59961	CN	370000
Fengshan	22.62659	120.36126	TW	356463
Fengxiang	30.85841	121.46779	CN	1140872
Fergana	40.38421	71.78432	UZ	299200
Fernando de la Mora	-25.3386	-57.52167	PY	120167
Ferrara	44.83804	11.62057	IT	132009
Ferraz de Vasconcelos	-23.54083	-46.36861	BR	179198
Fes	34.03313	-5.00028	MA	1191905
Fianarantsoa	-21.45267	47.08569	MG	203105
Firozpur	30.92574	74.61311	IN	110313
Florence	43.77925	11.24626	IT	367150
Florencia	1.61549	-75.60412	CO	168346
Florianópolis	-27.59667	-48.54917	BR	508826
Floridablanca	7.06222	-73.08644	CO	267591
Floridsdorf	48.25	16.4	AT	162779
Foggia	41.45845	15.55188	IT	137032
Fontana	34.09223	-117.43505	US	212704
Fontanar	23.02389	-82.408	CU	178601
Forlì	44.22177	12.04144	IT	116696
Formosa	-26.18489	-58.17313	AR	222226
Formosa	-15.53722	-47.33444	BR	115901
Fort Collins	40.58526	-105.08442	US	170924
Fort Lauderdale	26.12231	-80.14338	US	183146
Fort Wayne	41.1306	-85.12886	US	260326
Fort Worth	32.72541	-97.32085	US	1008106
Fortaleza	-3.71722	-38.54306	BR	2400000
Fortechnyi	48.49865	32.25365	UA	167451
Foshan	23.02677	113.13148	CN	9042509
Foumban	5.72662	10.89865	CM	130287
Foz do Iguaçu	-25.54778	-54.58806	BR	297352
Franca	-20.53861	-47.40083	BR	358539
Franceville	-1.63333	13.58357	GA	132895
Francisco Morato	-23.28167	-46.74528	BR	165139
Francistown	-21.17	27.50778	BW	103417
Franco da Rocha	-23.32167	-46.72694	BR	144849
Frankfurt am Main	50.11552	8.68417	DE	650000
Freetown	8.48714	-13.2356	SL	802639
Freguesia do Ó	-23.49877	-46.69983	BR	137240
Freiburg	47.9959	7.85222	DE	237460
Fremont	37.54827	-121.98857	US	232206
Fresnillo	23.1749	-102.86785	MX	143281
Fresno	36.74773	-119.77237	US	542107
Friedrichshain	52.51559	13.45482	DE	117829
Frisco	33.15067	-96.82361	US	154407
Fuchū	35.67452	139.48216	JP	262790
Fuding	27.32734	120.21399	CN	192352
Fuencarral	40.5	-3.68333	ES	238765
Fuencarral-El Pardo	40.4984	-3.7314	ES	220085
Fuenlabrada	40.28419	-3.79415	ES	190496
Fujairah	25.11641	56.34141	AE	118933
Fuji	29.14819	105.37391	CN	131927
Fuji	35.16667	138.68333	JP	245392
Fujieda	34.86667	138.26667	JP	145032
Fujimino	35.90196	139.52489	JP	113597
Fujinomiya	35.21667	138.61667	JP	132507
Fujisawa	35.34926	139.47666	JP	439728
Fukayachō	36.2	139.28333	JP	141268
Fukui-shi	36.06443	136.22257	JP	262328
Fukuoka	33.6	130.41667	JP	1612392
Fukushima	37.75	140.46667	JP	294237
Fukuyama	34.48333	133.36667	JP	468812
Fuling	29.70997	107.39391	CN	268658
Fullerton	33.87029	-117.92534	US	140847
Funchal	32.66568	-16.92547	PT	105795
Funtua	11.52351	7.31174	NG	136811
Funza	4.71638	-74.21195	CO	116890
Fushun	41.88669	123.94363	CN	1400646
Fuxin	42.01556	121.65889	CN	689050
Fuyang	32.9	115.81667	CN	1768947
Fuyu	45.18333	124.81667	CN	138704
Fuzhou	27.95999	116.33333	CN	1089888
Fuzhou	26.06139	119.30611	CN	3740000
Fu’an	27.09131	119.64446	CN	154439
Fyzābād	26.77549	82.15018	IN	153047
Fès al Bali	34.0701	-4.95473	MA	156000
Fürth	49.47593	10.98856	DE	132036
Fāqūs	30.72816	31.79697	EG	116945
Fīrozābād	27.15092	78.39781	IN	306409
Gabela	-10.85147	14.37993	AO	116903
Gaborone	-24.65451	25.90859	BW	246325
Gabès	33.88146	10.0982	TN	110075
Gadag	15.42977	75.62971	IN	172612
Gadag-Betageri	15.4167	75.6167	IN	172813
Gagnoa	6.13193	-5.9506	CI	277044
Gainesville	29.65163	-82.32483	US	145214
Gajuwaka	17.7	83.21667	IN	258944
Galaţi	45.43687	28.05028	RO	217851
Gama	-16.02511	-48.07121	BR	139467
Gandajika	-6.74504	23.95328	CD	208051
Gandhinagar	23.21667	72.68333	IN	292797
Gangavati	15.4313	76.52933	IN	114642
Gangneung	37.75266	128.87239	KR	208161
Gangtok	27.32574	88.61216	IN	100286
Gangu Chengguanzhen	34.73564	105.32632	CN	103589
Gangāpur	26.47249	76.71744	IN	120115
Ganja	40.68157	46.36134	AZ	330663
Ganzhou	25.84664	114.9326	CN	1977253
Gao	16.27167	-0.04472	ML	133110
Gaojing	31.32225	121.4751	CN	127512
Gaomi	36.38333	119.75278	CN	391986
Gaoping	30.77576	106.10294	CN	204368
Gaozhou	21.91965	110.85678	CN	292164
Gapan	15.3072	120.9464	PH	129610
Garanhuns	-8.88202	-36.50216	BR	151064
Garden Grove	33.77391	-117.94145	US	175393
Gardez	33.59744	69.22592	AF	103601
Garhi Khairo	28.05717	67.97898	PK	193297
Garissa	-0.45275	39.64601	KE	163399
Garland	32.91262	-96.63888	US	236897
Garut	-7.245	107.921	ID	131809
Gashua	12.87398	11.04057	NG	125817
Gasteiz / Vitoria	42.84998	-2.67268	ES	257407
Gatineau	45.47723	-75.70164	CA	300045
Gaya	24.79686	85.00385	IN	474093
Gaza	31.50161	34.46672	PS	410000
Gaziantep	37.05944	37.3825	TR	2222415
Gazipur	23.99844	90.42234	BD	2674697
Gboko	7.32275	9.00108	NG	365000
Gbongan	7.47734	4.35351	NG	139485
Gdańsk	54.35227	18.64912	PL	487371
Gdynia	54.51889	18.53188	PL	257000
Gebze	40.80276	29.43068	TR	281436
Geelong	-38.14711	144.36069	AU	282809
Geita	-2.8725	32.2325	TZ	318006
Gejiu	23.36085	103.15372	CN	136135
Gelsenkirchen	51.50508	7.09654	DE	270028
Gemena	3.25651	19.77234	CD	197159
General Santos	6.11278	125.17167	PH	722059
Geneva	46.20222	6.14569	CH	201741
Genoa	44.40478	8.94439	IT	580097
Gent	51.05	3.71667	BE	265086
Geoje	34.81379	128.70556	KR	232921
George	-33.963	22.46173	ZA	188580
George Town	5.41123	100.33543	MY	158336
Georgetown	6.80448	-58.15527	GY	235017
Gera	50.88029	12.08187	DE	104659
Gereida	11.27543	25.14026	SD	120000
Germiston	-26.23481	28.17665	ZA	255863
Getafe	40.30571	-3.73295	ES	187525
Geylang	1.31953	103.88689	SG	110201
Ghardaïa	32.49094	3.67347	DZ	142913
Ghazni	33.55391	68.42096	AF	141000
Ghazīpur	25.58333	83.58526	IN	103095
Ghotki	28.00437	69.31569	PK	119879
Ghulja	43.91515	81.32151	CN	269158
Ghāziābād	28.66535	77.43915	IN	1199191
Gia Lâm	21.02	105.939	VN	309353
Gifu	35.42291	136.76039	JP	402557
Gijang	35.24417	129.21389	KR	176388
Gijón	43.53573	-5.66152	ES	271780
Gilbert	33.35283	-111.78903	US	247542
Gilgit	35.91869	74.31245	PK	216760
Gillingham	51.38914	0.54863	GB	101187
Gimcheon	36.12176	128.11981	KR	150000
Gimpo-si	37.62361	126.71417	KR	203391
Gingoog	8.82778	125.09972	PH	138895
Ginowan	26.26265	127.76147	JP	100125
Girardot City	4.30079	-74.80754	CO	107324
Giresun	40.91698	38.38741	TR	125682
Girga	26.33721	31.89295	EG	151256
Giridih	24.18622	86.30875	IN	114533
Girona	41.98311	2.82493	ES	100266
Girón	7.0682	-73.16981	CO	108466
Gisenyi	-1.70278	29.25639	RW	172357
Giza	30.00944	31.20861	EG	4367343
Giá Rai	9.23444	105.45833	VN	145340
Glasgow	55.86515	-4.25763	GB	626410
Glazov	58.14	52.65619	RU	100676
Glendale	33.53865	-112.18599	US	240126
Glendale	34.14251	-118.25508	US	201020
Gliwice	50.29761	18.67658	PL	198835
Gloucester	45.35	-75.63333	CA	150012
Gloucester	51.86568	-2.2431	GB	132416
Godhra	22.77547	73.61488	IN	143644
Godomè	6.38948	2.34581	BJ	253262
Goiânia	-16.67861	-49.25389	BR	1536097
Gojra	31.14926	72.68323	PK	214000
Gokalpur	28.7029	77.28961	IN	121870
Gold Coast	-28.00029	153.43088	AU	640778
Golestān	35.5183	51.1819	IR	240000
Golfe	-8.86639	13.26173	AO	655796
Gol’yanovo	55.82299	37.81306	RU	158000
Goma	-1.67409	29.22845	CD	432587
Gombe	10.28969	11.16729	NG	560000
Gonbad-e Kāvūs	37.25004	55.16721	IR	151910
Gondal	21.96074	70.80255	IN	112197
Gonder	12.6	37.46667	ET	466000
Gondiā	21.46026	80.19205	IN	132813
Gondā City	27.13181	81.95332	IN	133583
Gongheyong	22.75923	113.79452	CN	204881
Gongzhuling	43.50075	124.81979	CN	140909
Gorakhpur	29.44768	75.67206	IN	1324570
Gorakhpur	26.76628	83.36889	IN	674246
Gorgān	36.8427	54.44391	IR	244937
Gorontalo	0.5375	123.0625	ID	205390
Gorzów Wielkopolski	52.73371	15.22505	PL	114567
Gothenburg	57.70716	11.96679	SE	608462
Governador Valadares	-18.85111	-41.94944	BR	250878
Goyang-si	37.65639	126.835	KR	1061752
Gqeberha	-33.96109	25.61494	ZA	1050078
Grajaú	-23.76979	-46.67112	BR	384873
Granada	37.18817	-3.60667	ES	233532
Grand Prairie	32.74596	-96.99778	US	187809
Grand Rapids	42.96336	-85.66809	US	195097
Gravataí	-29.94218	-50.99278	BR	265074
Gravesend	40.5976	-73.96514	US	112229
Graz	47.06733	15.44197	AT	303270
Greater Noida	28.49615	77.53601	IN	293908
Greater Sudbury	46.49	-80.99001	CA	166004
Greeley	40.42331	-104.70913	US	108795
Green Bay	44.51916	-88.01983	US	105207
Greensboro	36.07264	-79.79198	US	285342
Grenoble	45.17869	5.71479	FR	158552
Gresham	45.49818	-122.43148	US	110553
Grogol	-7.60111	110.81861	ID	100613
Groningen	53.21917	6.56667	NL	244807
Grozny	43.31195	45.68895	RU	297137
Gràcia	41.40237	2.15641	ES	121502
Guacara	10.22609	-67.877	VE	198883
Guadalajara	20.67738	-103.34749	MX	1385629
Guadalajara de Buga	3.90089	-76.29783	CO	114316
Guadalupe	25.67663	-100.25907	MX	673616
Guadalupe	22.74678	-102.5188	MX	170029
Guaianases	-23.54333	-46.41083	BR	109316
Guanabacoa	23.12518	-82.30067	CU	112964
Guanare	9.03934	-69.73364	VE	112286
Guangshui	31.6199	113.9978	CN	154771
Guangyuan	32.44201	105.823	CN	516424
Guangzhou	23.11667	113.25	CN	16096724
Guang’an	30.47413	106.63696	CN	858159
Guankou	28.15861	113.62709	CN	1380000
Guantánamo	20.14444	-75.20917	CU	272801
Guarapari	-20.67182	-40.50196	BR	124656
Guarapuava	-25.39048	-51.46541	BR	182093
Guaratinguetá	-22.81639	-45.1925	BR	118044
Guarenas	10.47027	-66.61934	VE	248588
Guarujá	-23.99306	-46.25639	BR	322750
Guarulhos	-23.46278	-46.53333	BR	1169577
Guará	-15.80976	-47.97202	BR	120641
Guatemala City	14.64072	-90.51327	GT	994938
Guatire	10.474	-66.54241	VE	227666
Guayaquil	-2.19616	-79.88621	EC	2723665
Gucun	31.34933	121.39341	CN	240185
Gudivāda	16.43547	80.99555	IN	118167
Guelma	36.46214	7.42608	DZ	120004
Guelmim	28.98696	-10.05738	MA	129200
Guelph	43.54594	-80.25599	CA	143740
Guigang	23.11603	109.59472	CN	1086327
Guiguinto	14.83333	120.88333	PH	118173
Guilin	25.28022	110.29639	CN	1572300
Guixi	30.33355	107.34545	CN	188980
Guiyang	26.58333	106.71667	CN	3037159
Gujangbagh	37.10927	79.93433	CN	408894
Gujranwala	32.15567	74.18705	PK	2511118
Gujrat	32.5742	74.07542	PK	574240
Guli	28.88162	120.03308	CN	536000
Gulin	28.04223	105.81038	CN	116527
Gulu	2.77457	32.29899	UG	177400
Gumi	36.1136	128.336	KR	404691
Guna	24.64691	77.3113	IN	180935
Gunan	29.0231	106.648	CN	208010
Gundupālaiyam	11.94096	79.80294	IN	300104
Gunpo	37.3675	126.94694	KR	286485
Gunsan	35.97861	126.71139	KR	264656
Guntakal	15.17112	77.36244	IN	126270
Guntur	16.29974	80.45729	IN	670073
Gunungsitoli	1.2888	97.6143	ID	136707
Guri-si	37.5986	127.1394	KR	195236
Gurugram	28.4601	77.02635	IN	886519
Gurúè	-15.46694	36.97778	MZ	168971
Gusau	12.17024	6.66412	NG	226857
Gustavo Adolfo Madero	19.49392	-99.11075	MX	1185772
Guwahati	26.1844	91.7458	IN	962334
Guyong	14.8361	120.97844	PH	155391
Guyuan	36.00667	106.28083	CN	411854
Guédiawaye	14.77446	-17.40212	SN	329659
Gwalior	26.22983	78.17337	IN	1054420
Gwangju	35.15472	126.91556	KR	1401235
Gwangmyeong	37.47722	126.86639	KR	357545
Gwangyang	34.9414	127.69569	KR	154266
Gweru	-19.45	29.81667	ZW	158200
Gyeongju	35.84278	129.21167	KR	245365
Gyeongsan-si	35.82333	128.73778	KR	266951
Gyumri	40.79305	43.84635	AM	114667
Gyānpur	25.33268	82.46637	IN	200000
Győr	47.68333	17.63512	HU	129301
Gò Vấp	10.81667	106.68333	VN	110850
Gómez Palacio	25.56871	-103.4996	MX	257352
Gölbaşı	39.79043	32.80903	TR	165201
Göttingen	51.53443	9.93228	DE	122149
Gāndhīdhām	23.08333	70.13333	IN	247992
Ha'il	27.52188	41.69073	SA	605930
Haarlem	52.38084	4.63683	NL	162543
Habikino	34.55276	135.59097	JP	109479
Hachinohe	40.5	141.5	JP	239046
Hachiōji	35.65583	139.32389	JP	579355
Hadano	35.37111	139.22361	JP	163787
Hadejia	12.45347	10.04115	NG	110753
Haeju	38.04056	125.71472	KP	222396
Hafar Al-Batin	28.43279	45.97077	SA	271642
Hafizabad	32.07095	73.68802	PK	318621
Hagen	51.36081	7.47168	DE	198972
Hagonoy	14.83413	120.73271	PH	123531
Hai Bà Trưng	21.01341	105.84772	VN	303586
Haicheng	40.85158	122.74754	CN	191651
Haifa	32.81303	34.99928	IL	285316
Haikou	24.77985	102.57548	CN	112644
Haikou	20.03421	110.34651	CN	2873358
Hailar	49.2	119.7	CN	211066
Hailin	44.57149	129.38539	CN	144443
Hailun	47.44663	126.92475	CN	109881
Haimen	23.19346	116.61219	CN	125427
Haiphong	20.86481	106.68345	VN	2625200
Hakodate	41.77583	140.73667	JP	275730
Haldia	22.06046	88.10975	IN	170695
Haldwani	29.22254	79.5286	IN	139497
Halifax	44.64269	-63.57688	CA	471559
Halle (Saale)	51.48158	11.97947	DE	237865
Hamadān	34.79922	48.51456	IR	528256
Hamamatsu	34.7	137.73333	JP	791707
Hamburg	53.55073	9.99302	DE	1973896
Hamburg-Mitte	53.55	10.01667	DE	301231
Hamburg-Nord	53.58935	9.984	DE	315514
Hamhŭng	39.91833	127.53639	KP	559056
Hami	42.83393	93.50601	CN	246373
Hamilton	43.25011	-79.84963	CA	569353
Hamilton	-37.78333	175.28333	NZ	192100
Hamm	51.68033	7.82089	DE	178967
Hammamet	36.4	10.61667	TN	106326
Hammanskraal	-25.40892	28.287	ZA	112950
Hampton	37.02987	-76.34522	US	137148
Hanam	37.54	127.20556	KR	254415
Handa	34.88333	136.93333	JP	117884
Handan	36.60999	114.48764	CN	1358318
Handeni	-5.43333	38.01667	TZ	108968
Hanfeng	31.16946	108.4031	CN	196528
Hangu	39.24889	117.78917	CN	208369
Hangzhou	30.29365	120.16142	CN	9236032
Hanjia	29.29524	108.16132	CN	108430
Hannover	52.37052	9.73322	DE	515140
Hanoi	21.0245	105.84117	VN	8053663
Hanumāngarh	29.58182	74.32938	IN	155687
Hanzhong	33.07507	107.02214	CN	1006557
Harar	9.31387	42.11815	ET	157000
Harare	-17.82772	31.05337	ZW	1542813
Harbin	45.75	126.65	CN	5242897
Harburg	53.46057	9.98388	DE	169221
Hardoī	27.39491	80.13165	IN	122635
Hargeysa	9.56	44.065	SO	477876
Haridwar	29.94791	78.16025	IN	186079
Harlem	40.80788	-73.94542	US	116345
Harrow	51.57835	-0.33208	GB	149246
Hartford	41.76371	-72.68509	US	121054
Harunabad	29.61206	73.13802	PK	149679
Hashtsāl	28.63406	77.05771	IN	176877
Hasilpur	29.69221	72.54566	PK	168146
Hassan	13.00715	76.0962	IN	155006
Hat Yai	7.00836	100.47668	TH	191696
Hatsukaichi	34.35	132.33333	JP	114173
Havana	23.13302	-82.38304	CU	2163824
Haveli Lakha	30.45097	73.69371	PK	122389
Hayward	37.66882	-122.0808	US	158289
Hazāribāgh	23.99241	85.36162	IN	153595
Hebi	35.73231	114.28616	CN	634721
Hebron	31.52935	35.0938	PS	160470
Hechi	24.69285	108.08376	CN	330131
Hechuan	29.99228	106.26461	CN	377213
Hedong	23.9196	115.7801	CN	101825
Hefei	31.86389	117.28083	CN	5050000
Hegang	47.34727	130.29033	CN	743307
Heidelberg	49.40768	8.69079	DE	143345
Heihe	50.24413	127.49016	CN	223832
Heilbronn	49.13995	9.22054	DE	120733
Hejiang	28.81161	105.83359	CN	137437
Helsingborg	56.04673	12.69437	SE	104250
Helsinki	60.16952	24.93545	FI	658864
Henderson	36.0397	-114.98194	US	285667
Hengshan	45.20837	130.89808	CN	164844
Hengshui	37.73908	115.68348	CN	522147
Hengyang	26.88946	112.61888	CN	1075516
Hepo	23.43077	115.82991	CN	131238
Hepu	21.65921	109.20011	CN	192813
Hermosillo	29.08874	-110.96677	MX	812229
Herne	51.5388	7.22572	DE	172108
Heroica Guaymas	27.91989	-110.89888	MX	117253
Heroica Matamoros	25.87972	-97.50417	MX	510739
Herāt	34.34817	62.19967	AF	574300
Heshan	28.56938	112.34733	CN	1249807
Hetauda	27.42839	85.03219	NP	195951
Heyuan	23.73333	114.68333	CN	463907
Heze	35.23929	115.47358	CN	1346717
Hezhou	24.40357	111.56675	CN	1005490
Hialeah	25.8576	-80.27811	US	237069
Hidalgo del Parral	26.92987	-105.66618	MX	104836
Higashihiroshima	34.40861	132.73682	JP	196608
Higashikurume	35.75202	139.51169	JP	117020
Higashimurayama	35.75459	139.46852	JP	151815
Higashiosaka	34.66667	135.58333	JP	493940
High Point	35.95569	-80.00532	US	110268
High Wycombe	51.62907	-0.74934	GB	133204
Hikone	35.25	136.25	JP	113647
Hildesheim	52.15077	9.95112	DE	103052
Hillsboro	45.52289	-122.98983	US	102347
Himamaylan	10.09889	122.87056	PH	117286
Himeji	34.81667	134.7	JP	530495
Hindaun	26.73411	77.03519	IN	105452
Hindupur	13.82807	77.49143	IN	151677
Hinganghāt	20.54875	78.83978	IN	101805
Hino	35.67306	139.40028	JP	190435
Hinthada	17.64944	95.45705	MM	134947
Hirakata	34.81352	135.64914	JP	406331
Hiratsuka	35.32785	139.33735	JP	258422
Hirnytskyi	48.0211	37.96914	UA	107216
Hirosaki	40.59306	140.4725	JP	168739
Hiroshima	34.4	132.45	JP	1200754
Hisar	29.15394	75.72294	IN	307024
Hitachi	36.6	140.65	JP	174508
Hitachi-Naka	36.39659	140.53479	JP	156581
Hlaingthaya	16.85	96.06667	MM	687867
Ho	6.60084	0.4713	GH	130701
Ho Chi Minh City	10.82302	106.62965	VN	14002598
Hobart	-42.87936	147.32941	AU	254930
Hohhot	40.81056	111.65222	CN	2350000
Hoima	1.43314	31.35241	UG	122700
Hoji ya Henda	-8.80523	13.2897	AO	642050
Holguín	20.88722	-76.26306	CU	319102
Hollywood	26.0112	-80.14949	US	149728
Hollywood	34.09834	-118.32674	US	167664
Homs	34.72405	36.72559	SY	775404
Homyel'	52.4345	30.9754	BY	501193
Honchō	35.70129	139.98648	JP	644668
Hong Kong	22.27832	114.17469	HK	7396076
Hong Kong Island	22.26302	114.18419	HK	1195529
Honggang	46.3974	124.88447	CN	147977
Hongkou	31.25	121.48917	CN	687500
Honmachi	32.50439	130.59952	JP	123067
Honolulu	21.30694	-157.85833	US	350964
Hoofddorp	52.3025	4.68889	NL	132734
Horlivka	48.29986	38.01709	UA	239828
Horta-Guinardó	41.41849	2.1677	ES	168092
Hortaleza	40.47444	-3.6411	ES	161661
Hortolândia	-22.85833	-47.22	BR	234259
Hosapete	15.26954	76.3871	IN	206167
Hosa’ina	7.54978	37.85374	ET	188200
Hoshiārpur	31.53723	75.91269	IN	168653
Hosūr	12.73647	77.83264	IN	229528
Hougang New Town	1.35667	103.89083	SG	227560
Houston	29.76328	-95.36327	US	2314157
Howrah	22.57688	88.31857	IN	1027672
Hoàn Kiếm	21.02857	105.85064	VN	135618
Hoàng Mai	19.26758	105.71594	VN	113360
Hrodna	53.6758	23.82887	BY	363718
Hsinchu	24.80361	120.96861	TW	453536
Hua Hin	12.57065	99.95876	TH	126355
Huacheng	24.06703	115.61309	CN	101165
Huadian	42.97213	126.74107	CN	139047
Huai'an	33.58861	119.01917	CN	2494013
Huaibei	33.97444	116.79167	CN	1113321
Huaihua	27.56337	110.00404	CN	552622
Huainan	32.62639	116.99694	CN	1666826
Huambo	-12.77611	15.73917	AO	595304
Huancayo	-12.06866	-75.21027	PE	456250
Huanggang	23.67704	116.99961	CN	225956
Huanggang	30.45143	114.87035	CN	366769
Huangpu	31.2378	121.4781	CN	504700
Huangshan	29.71139	118.3125	CN	460786
Huangshi	30.24706	115.04814	CN	688090
Huangzhou	30.45	114.8	CN	122563
Huaraz	-9.52614	-77.52869	PE	118836
Huayin	34.56528	110.06639	CN	242488
Hub	25.02555	66.88534	PK	195661
Hubballi	15.34776	75.13378	IN	943788
Huddersfield	53.64904	-1.78416	GB	149017
Huelva	37.26638	-6.94004	ES	144258
Hugli	22.90877	88.39674	IN	177005
Huicheng	23.03845	116.28988	CN	125919
Huinong	39.23333	106.76944	CN	136570
Huixing	29.68403	106.61486	CN	186972
Huixquilucan	19.35985	-99.35016	MX	124846
Huizhou	23.11147	114.41523	CN	2900113
Hulan	45.89326	126.57836	CN	109104
Hulan Ergi	47.20417	123.63333	CN	265344
Huludao	40.75243	120.83552	CN	944495
Hulunbuir	49.21141	119.75582	CN	349400
Humen	22.81899	113.67306	CN	191891
Huntington Beach	33.6603	-117.99923	US	201899
Huntsville	34.7304	-86.58594	US	215006
Huocheng	44.05305	80.87173	CN	360000
Hurghada	27.25738	33.81291	EG	207132
Huyện Lâm Hà	11.81554	108.21444	VN	144707
Huzhou	30.8703	120.0933	CN	1015937
Huánuco	-9.92882	-76.23989	PE	196627
Huế	16.4619	107.59546	VN	1380000
Hwado	37.6525	127.3075	KR	106358
Hwaseong-si	37.20682	126.8169	KR	640890
Hyderabad	17.38405	78.45636	IN	6993262
Hyderabad	25.39689	68.37718	PK	1921275
Hyesan	41.40167	128.17778	KP	192680
Hà Tiên	10.3831	104.48753	VN	100560
Hà Tĩnh	18.34282	105.90569	VN	266321
Hòa Bình	20.81717	105.33759	VN	105260
Hòa Cường	16.04314	108.18209	VN	119363
Hòa Thành	11.28696	106.12936	VN	147666
Hābra	22.84202	88.65606	IN	139297
Hājīpur	25.68544	85.20981	IN	147688
Hālīsahar	22.93218	88.41859	IN	128172
Hāpur	28.72985	77.78068	IN	242920
Hāthazāri	22.50515	91.81339	BD	498179
Hāthras	27.59551	78.05201	IN	126882
Hōfu	34.05	131.56667	JP	116925
Hŭngnam	39.84198	127.63206	KP	346082
Hưng Yên	20.64637	106.05112	VN	118646
H̱olon	32.01034	34.77918	IL	196282
Hạ Long	20.95045	107.07336	VN	270054
Hải Châu	15.91667	108.13333	VN	131427
Hải Dương	20.94099	106.33302	VN	241373
Hồng Ngự	10.8	105.35	VN	101155
Iaşi	47.16667	27.6	RO	378954
Ibadan	7.37756	3.90591	NG	3649000
Ibagué	4.43573	-75.20289	CO	529635
Ibanda	-0.13398	30.49616	UG	117700
Ibaraki	34.81641	135.56828	JP	287730
Ibarra	0.34881	-78.12462	EC	221149
Ibb	13.96667	44.18333	YE	771514
Ibirité	-20.02194	-44.05889	BR	170537
Ica	-14.07538	-75.73422	PE	282407
Ichalkaranji	16.69117	74.46054	IN	287353
Icheon-si	37.27917	127.4425	KR	196230
Ichihara	35.51667	140.08333	JP	283531
Ichikawa	35.73413	139.9065	JP	496676
Ichinomiya	35.3	136.8	JP	380073
Ichinoseki	38.91667	141.13333	JP	114476
Idkū	31.3073	30.2981	EG	177152
Idlib	35.93062	36.63393	SY	128840
Ifakara	-8.13333	36.68333	TZ	205843
Igarassu	-7.83417	-34.90639	BR	122312
Igboho	8.83784	3.75628	NG	136764
Iguala de la Independencia	18.34536	-99.5413	MX	118468
Iguatemi	-23.61277	-46.42667	BR	149700
Iida	35.51965	137.82074	JP	101536
Iizuka	33.63654	130.68678	JP	126364
Ijebu Ode	6.81944	3.91731	NG	360000
Ijebu-Igbo	6.97198	3.99938	NG	109261
Ijero-Ekiti	7.81514	5.06716	NG	167632
Ijok	3.31667	101.4	MY	100899
Ikare	7.52591	5.75342	NG	465000
Ikeda	34.82208	135.4298	JP	104993
Ikeja	6.59651	3.34205	NG	313196
Ikere-Ekiti	7.49748	5.23041	NG	103054
Ikire	7.36983	4.1863	NG	222160
Ikirun	7.91283	4.66741	NG	134240
Ikoma	34.68333	135.7	JP	120741
Ikot Ekpene	5.18194	7.71481	NG	254806
Iksan	35.94389	126.95444	KR	307000
Ila Orangun	8.01714	4.90421	NG	179192
Ilagan	17.14854	121.88924	PH	164020
Ile-Ife	7.4824	4.56032	NG	560000
Ilebo	-4.33111	20.58638	CD	117245
Ilesa	7.62789	4.74161	NG	325000
Ilford	51.55765	0.07278	GB	168168
Ilhéus	-14.79909	-39.03228	BR	155499
Iligan	8.2289	124.24344	PH	342618
Iligan City	8.25	124.4	PH	312323
Ilobu	7.83879	4.48672	NG	118089
Iloilo	10.69694	122.56444	PH	473728
Ilorin	8.49664	4.54214	NG	1080000
Imabari	34.07001	133.00023	JP	170986
Imperatriz	-5.52639	-47.49167	BR	218106
Imphal	24.80805	93.9442	IN	277196
Imus	14.42972	120.93667	PH	481949
Inazawa	35.25	136.78333	JP	134751
Incheon	37.45646	126.70515	KR	3015482
Inda Silasē	14.10307	38.28289	ET	100100
Indaiatuba	-23.08842	-47.2119	BR	256223
Independence	39.09112	-94.41551	US	117255
Indianapolis	39.76838	-86.15804	US	887642
Indore	22.71792	75.8333	IN	1994397
Indramayu	-6.32639	108.32	ID	123263
Inezgane	30.35535	-9.53639	MA	142320
Inglewood	33.96168	-118.35313	US	111666
Ingolstadt	48.76508	11.42372	DE	120658
Ingombota	-8.81806	13.22889	AO	144911
Inisa	7.84855	4.32981	NG	164161
Inkisi	-5.13122	15.0541	CD	115317
Innsbruck	47.26266	11.39454	AT	132493
Insein	16.88874	96.10257	MM	247675
International City	25.16383	55.40987	AE	120000
Inzai	35.83479	140.16361	JP	105463
Ipatinga	-19.46833	-42.53667	BR	228746
Ipiranga	-23.59957	-46.61599	BR	116271
Ipoh	4.5841	101.0829	MY	759952
Ipojuca	-8.39889	-35.06389	BR	105638
Ipswich	52.05917	1.15545	GB	178835
Iquique	-20.21326	-70.15027	CL	199587
Iquitos	-3.74814	-73.2529	PE	377609
Iranshahr	27.20245	60.68476	IR	131232
Irapuato	20.671	-101.35577	MX	380941
Irbid	32.55556	35.85	JO	569068
Irewe	6.41692	3.14058	NG	139494
Iriga City	13.4324	123.4115	PH	115306
Iringa	-7.76667	35.7	TZ	202490
Irkutsk	52.29566	104.29076	RU	623869
Iruma	35.818	139.368	JP	147166
Irvine	33.66946	-117.82311	US	256927
Irving	32.81402	-96.94889	US	236607
Irákleion	35.32787	25.14341	GR	137154
Isahaya	32.84111	130.04306	JP	135546
Ise	34.48333	136.7	JP	123533
Ise-Ekiti	7.46478	5.42333	NG	190063
Isehara	35.39932	139.31019	JP	103401
Isesaki	36.31667	139.2	JP	211850
Iseyin	7.97022	3.59626	NG	365300
Isfahan	32.65246	51.67462	IR	1547164
Isfara	40.12649	70.62526	TJ	274000
Ishinomaki	38.41667	141.3	JP	140151
Isidro Casanova	-34.7	-58.58745	AR	131981
Isiro	2.77391	27.61603	CD	255409
Iskandar Puteri	1.39324	103.62322	MY	575977
Islamabad	33.72148	73.04329	PK	601600
Islington	51.53622	-0.10304	GB	319143
Ismailia	30.60427	32.27225	EG	429465
Isparta	37.76444	30.55222	TR	172334
Istanbul	41.01384	28.94966	TR	15701602
Istaravshan	39.9142	69.00328	TJ	273500
Isulan	6.62944	124.605	PH	101455
Itabaiana	-10.685	-37.42528	BR	103440
Itabashi	35.74893	139.71497	JP	584483
Itabira	-19.61917	-43.22694	BR	113343
Itaboraí	-22.74444	-42.85944	BR	240040
Itabuna	-14.78556	-39.28028	BR	205660
Itacoatiara	-3.14306	-58.44417	BR	112520
Itaguaí	-22.85222	-43.77528	BR	123980
Itagüí	6.18461	-75.59913	CO	281853
Itaim Bibi	-23.58581	-46.68241	BR	101452
Itaim Paulista	-23.50308	-46.38566	BR	205295
Itaituba	-4.27611	-55.98361	BR	123314
Itajaí	-26.90778	-48.66194	BR	155716
Itami	34.78427	135.40126	JP	198138
Itanhaém	-24.18306	-46.78889	BR	103102
Itapecerica da Serra	-23.71694	-46.84917	BR	158522
Itaperuna	-21.205	-41.88778	BR	107246
Itapetininga	-23.59167	-48.05306	BR	157790
Itapevi	-23.54889	-46.93417	BR	240961
Itapipoca	-3.49444	-39.57861	BR	131123
Itaquaquecetuba	-23.48611	-46.34833	BR	369275
Itaquera	-23.53194	-46.44417	BR	210960
Itatiba	-23.00583	-46.83889	BR	122581
Itu	-23.26417	-47.29917	BR	137586
Ituiutaba	-18.97428	-49.46212	BR	102217
Ituzaingó	-27.58504	-56.68707	AR	168419
Itārsi	22.61477	77.76222	IN	100574
Ivano-Frankivsk	48.92312	24.71248	UA	238196
Ivanovo	56.99988	40.97257	RU	406113
Ivanovskoye	55.76667	37.83333	RU	128000
Ivory Park	-25.9957	28.1971	ZA	184383
Iwaki	37.05	140.88333	JP	357309
Iwakuni	34.16297	132.22	JP	129125
Iwata	34.7	137.85	JP	166672
Iwatsuki	35.96474	139.69644	JP	108833
Iwo	7.63527	4.18156	NG	250443
Ixtapaluca	19.31556	-98.88284	MX	322271
Izhevsk	56.85225	53.19862	RU	648213
Izmaylovo	55.7966	37.78242	RU	104000
Iztacalco	19.39528	-99.09778	MX	384326
Iztapalapa	19.35529	-99.06224	MX	1835486
Izumi	34.48333	135.43333	JP	184615
Izumisano	34.41667	135.31667	JP	100131
Izumo	35.36667	132.76667	JP	172775
Iğdır	39.92371	44.045	TR	101700
Jabalpur	23.16697	79.95006	IN	1081677
Jabaquara	-23.65055	-46.64591	BR	214958
Jaboatão dos Guararapes	-8.11278	-35.01472	BR	644037
Jabālyā	31.5272	34.48347	PS	168568
Jacareí	-23.30528	-45.96583	BR	213110
Jackson	32.29876	-90.18481	US	153701
Jacksonville	30.33218	-81.65565	US	1009833
Jacmel	18.23569	-72.53686	HT	137966
Jacobabad	28.28187	68.43761	PK	219315
Jaffa	32.05043	34.75224	IL	100000
Jaffna	9.66845	80.00742	LK	169102
Jagdalpur	19.08136	82.02131	IN	125463
Jagtiāl	18.79473	78.91661	IN	103930
Jagādhri	30.16719	77.30367	IN	124894
Jahrom	28.5	53.5605	IR	141634
Jahānābād	25.21368	84.9871	IN	103202
Jaigaon	26.84766	89.37558	IN	158664
Jaipur	26.91962	75.78781	IN	3046163
Jakarta	-6.21462	106.84513	ID	8540121
Jalai Nur	49.45	117.7	CN	107828
Jalalpur Jattan	32.64118	74.20561	PK	146743
Jalalpur Pirwala	29.5051	71.22202	PK	500000
Jalandhar	31.32556	75.57917	IN	868929
Jalapa	14.63542	-89.99112	GT	159840
Jalgaon	21.00292	75.56602	IN	460228
Jalingo	8.89367	11.3596	NG	117757
Jalpāiguri	26.51667	88.73333	IN	107832
Jalālābād	34.42647	70.45153	AF	271900
Jamaica	40.69149	-73.80569	US	216866
Jambi City	-1.6	103.61667	ID	635101
Jammu	32.73528	74.86167	IN	576198
Jamnagar	22.47292	70.06673	IN	600943
Jampur	29.64235	70.59518	PK	155243
Jamshedpur	22.80278	86.18545	IN	1339438
Jamālpur	24.91965	89.94812	BD	167900
Jamālpur	25.31258	86.48888	IN	105434
Janakpur	26.72882	85.92628	NP	195438
Jandira	-23.5275	-46.9025	BR	118045
Janzūr	32.81868	13.01727	LY	154389
Japeri	-22.64306	-43.65333	BR	102149
Jaraguá	-23.44077	-46.73774	BR	211610
Jaraguá do Sul	-26.48611	-49.06667	BR	182660
Jaranwala	31.3332	73.41868	PK	150380
Jardim Angela	-23.71636	-46.76872	BR	311432
Jardim Helena	-23.4837	-46.41309	BR	129409
Jardim Sao Luis	-23.68073	-46.7394	BR	259377
Jataí	-17.87939	-51.72166	BR	105729
Jauharabad	32.29016	72.28182	PK	113188
Jaunpur	25.75356	82.68689	IN	169572
Jayapura	-2.53371	140.71813	ID	410852
Jaén	37.76922	-3.79028	ES	113457
Jaú	-22.29639	-48.55778	BR	133497
Jebel Ali	25.00255	55.10811	AE	210000
Jeddah	21.49012	39.18624	SA	4697000
Jeju City	33.50972	126.52194	KR	488844
Jember	-8.17211	113.69953	ID	298585
Jena	50.92878	11.5899	DE	104712
Jeongeup	35.60004	126.91699	KR	139876
Jeonju	35.82194	127.14889	KR	638421
Jepara	-6.5924	110.671	ID	1257912
Jequié	-13.85875	-40.08512	BR	127475
Jerez de la Frontera	36.68645	-6.13606	ES	212879
Jersey City	40.72816	-74.07764	US	264290
Jerusalem	31.76904	35.21633	IL	971800
Jessore	23.16971	89.21371	BD	243987
Jetpur	21.75482	70.62347	IN	118302
Jhang Sadr	31.26981	72.31687	PK	606533
Jhelum	32.93448	73.73102	PK	190425
Jhunjhunūn	28.12559	75.39797	IN	118473
Jhānsi	25.45887	78.57994	IN	412927
Ji Paraná	-10.88528	-61.95167	BR	124333
Jiading	31.38575	121.24465	CN	1886100
Jiagedaqi	50.41667	124.11667	CN	135760
Jiamusi	46.79711	130.31118	CN	549549
Jianchang	27.55831	116.63978	CN	109108
Jiangmen	22.58333	113.08333	CN	1795459
Jiangyin	31.91102	120.26302	CN	1779515
Jiangyou	31.76667	104.71667	CN	127225
Jianshui	24.2774	101.224	CN	490000
Jiaohe	43.72133	127.33473	CN	123018
Jiaojiang	28.69844	121.47331	CN	470804
Jiaozhou	36.28389	120.00333	CN	619266
Jiaozuo	35.23925	113.23914	CN	865413
Jiashan	30.84918	120.92583	CN	137112
Jiawang	34.43278	117.44194	CN	133861
Jiaxing	30.7522	120.75	CN	1180000
Jiayuguan	39.81121	98.28618	CN	231853
Jiazi	22.87932	116.07318	CN	130298
Jieshi	22.81027	115.83058	CN	137444
Jieshou	33.26338	115.36108	CN	141993
Jieyang	23.5418	116.36581	CN	1899394
Jijel	36.821	5.76352	DZ	131513
Jijiang	29.28993	106.25001	CN	196787
Jijiga	9.35	42.8	ET	483000
Jilin	43.84652	126.5608	CN	1895865
Jimeta	9.27949	12.45819	NG	248148
Jimma	7.67344	36.83441	ET	250900
Jinan	36.66833	116.99722	CN	4335989
Jinchang	38.50062	102.19379	CN	228561
Jincheng	35.50222	112.83278	CN	476945
Jinfeng	28.2385	116.60054	CN	127076
Jingdezhen	29.2947	117.20789	CN	473561
Jinghong	22.00265	100.7697	CN	205523
Jingling	30.65	113.1	CN	224871
Jingmen	31.03361	112.20472	CN	632954
Jingzhi	36.31	119.3875	CN	126703
Jingzhou	30.35028	112.19028	CN	1052282
Jing’an	31.22	121.41583	CN	936500
Jing’an	22.21072	113.29218	CN	186000
Jinhua	29.10678	119.64421	CN	1463990
Jining	35.405	116.58139	CN	1241012
Jining	41.0275	113.10583	CN	258757
Jinjiang	24.81978	118.57415	CN	1416151
Jinshan	30.83556	121.29373	CN	822776
Jinshanlu	47.8505	88.13286	CN	190064
Jinzhong	37.68403	112.75471	CN	1226617
Jinzhou	39.1	121.71667	CN	215386
Jinzhou	41.10778	121.14167	CN	604269
Jishou	28.31925	109.73346	CN	102332
Jishu	44.31667	126.8	CN	103988
Jiujiang	29.70475	116.00206	CN	1164268
Jiupu	41.06667	122.95	CN	123843
Jiuquan	39.74318	98.51736	CN	428346
Jiutai	44.15127	125.82975	CN	175115
Jiutepec	18.88139	-99.17778	MX	215357
Jixi	45.29322	130.96217	CN	403759
Jiyuan	35.08912	112.58815	CN	242143
Jizan	16.88917	42.55111	SA	105198
Jizhou	37.55054	115.56871	CN	362013
Jizzax	40.13351	67.82956	UZ	179200
Ji’an	27.11716	114.97927	CN	538699
Jodhpur	26.26841	73.00594	IN	1056191
Johannesburg	-26.20227	28.04363	ZA	9418183
Johor Bahru	1.4655	103.7578	MY	858118
Joinville	-26.30444	-48.84556	BR	461304
Joliet	41.52519	-88.0834	US	147861
Jolo	6.05222	121.00222	PH	101002
Jombang	-7.54595	112.23307	ID	126465
Jomvu	-3.98623	39.6082	KE	163415
Jorhat	26.75751	94.20306	IN	126736
Jos	9.92849	8.89212	NG	1040000
Jose Bonifacio	-23.56742	-46.43264	BR	128243
José C. Paz	-34.51541	-58.76813	AR	230208
João Pessoa	-7.115	-34.86306	BR	817511
Juan Díaz	9.04059	-79.44083	PA	100636
Juazeiro	-9.41167	-40.49861	BR	237821
Juazeiro do Norte	-7.21306	-39.31528	BR	225230
Juba	4.85165	31.58247	SS	450000
Juiz de Fora	-21.76417	-43.35028	BR	540756
Juja	-1.10148	37.0132	KE	156041
Juliaca	-15.5	-70.13333	PE	245675
Jundiaí	-23.18639	-46.88417	BR	443221
Jurong Town	1.33417	103.72278	SG	262730
Jurong West	1.35028	103.72278	SG	253840
Jutiapa	14.28491	-89.88798	GT	145880
Jyväskylä	62.24147	25.72088	FI	148744
Jönköping	57.78145	14.15618	SE	112766
Jājmau	26.4304	80.4095	IN	652831
Jālna	19.84102	75.88636	IN	285577
Jāmuria	23.70468	87.07872	IN	160242
Jīnd	29.31577	76.31502	IN	167592
Jīroft	28.67806	57.74056	IR	130429
Jōetsu	37.14828	138.23642	JP	189430
Jūnāgadh	21.51966	70.45981	IN	319462
Kabankalan	9.9839	122.81423	PH	210893
Kabin Buri	13.95133	101.71739	TH	140056
Kabinda	-6.13791	24.48179	CD	219396
Kabul	34.52813	69.17233	AF	4434550
Kabwe	-14.4469	28.44644	ZM	288598
Kadapa	14.47995	78.82346	IN	344893
Kadoma	34.7381	135.57442	JP	131727
Kadoma	-18.33328	29.91534	ZW	117381
Kaduna	10.52641	7.43879	NG	1850000
Kaech’ŏn	39.70056	125.89333	KP	319554
Kaesŏng	37.97083	126.55444	KP	338155
Kafr ad Dawwār	31.13379	30.12969	EG	128539
Kafr ash Shaykh	31.11174	30.93991	EG	194569
Kafrul	23.78822	90.37359	BD	339734
Kafue	-15.76911	28.18136	ZM	104174
Kagoshima	31.56667	130.55	JP	595049
Kahama	-3.83333	32.6	TZ	453654
Kahramanmaraş	37.5847	36.92641	TR	384953
Kaifeng	34.7986	114.30742	CN	1451741
Kaili	26.58583	107.97972	CN	275745
Kairouan	35.6781	10.09633	TN	139070
Kaithal	29.80153	76.39959	IN	144915
Kaiyuan	23.69767	103.30372	CN	198423
Kaiyuan	42.53306	124.04028	CN	112462
Kajang	2.99424	101.78875	MY	236240
Kajansi	0.21548	32.53453	UG	135600
Kakamega	0.28422	34.75229	KE	1867579
Kakamigahara	35.41667	136.86667	JP	144521
Kakegawa	34.76667	138.01667	JP	117925
Kakogawachō-honmachi	34.76943	134.82905	JP	271634
Kalaban Koro	12.57329	-8.02907	ML	148247
Kalaburagi	17.33583	76.83757	IN	543147
Kalemie	-5.94749	29.19471	CD	160961
Kalemyo	23.19014	94.06405	MM	348573
Kaliningrad	54.70639	20.51102	RU	475056
Kalininskiy	59.99675	30.3899	RU	504641
Kalisz	51.76109	18.09102	PL	108759
Kallakurichi	11.73379	78.95925	IN	1682687
Kallang	1.33333	103.86667	SG	101290
Kallithéa	37.95	23.7	GR	100641
Kalmiuskyi	47.11046	37.54375	UA	101498
Kalmunai	7.40902	81.83472	LK	100171
Kalol	23.24656	72.49508	IN	134426
Kaluga	54.53063	36.27	RU	340851
Kalulushi	-12.84151	28.09479	ZM	104046
Kalynivskyi	48.00741	37.85378	UA	103249
Kalyān	19.2437	73.13554	IN	1262255
Kamagaya	35.76971	140.00238	JP	109932
Kamakura	35.31085	139.54698	JP	172929
Kamalia	30.72708	72.64607	PK	166617
Kamensk-Ural’skiy	56.40626	61.93347	RU	182500
Kamina	-8.73508	24.99798	CD	200184
Kamirenjaku	35.69423	139.55495	JP	195391
Kamloops	50.66648	-120.3192	CA	104460
Kamoke	31.97526	74.22304	PK	292023
Kampala	0.31628	32.58219	UG	1680600
Kampong Baharu Cheras Batu Sebelas	3.05	101.76667	MY	232100
Kampong Pasir Ris	1.37833	103.93194	SG	144260
Kampung Baru Subang	3.15	101.53333	MY	833571
Kampung Kangkar Teberau	1.532	103.7549	MY	412373
Kampung Larkin Lama	1.5024	103.744	MY	500000
Kampung Pasir Gudang Baru	1.4726	103.878	MY	145639
Kampung Sungai Ara	5.32699	100.27348	MY	140849
Kampung Sungai Glugur	5.36966	100.31353	MY	145600
Kamsar	10.65	-14.61667	GN	113350
Kamyanske	48.51716	34.60617	UA	226845
Kamyshin	50.0885	45.41277	RU	128626
Kamālshahr	35.86187	50.87424	IR	141669
Kananga	-5.89624	22.41659	CD	1247168
Kanayannur	9.96667	76.26667	IN	851406
Kanazawa	36.6	136.61667	JP	466029
Kanchipuram	12.83515	79.70006	IN	221715
Kandahār	31.61332	65.71013	AF	523300
Kandy	7.2906	80.6336	LK	111701
Kangding	30.00222	101.9569	CN	100000
Kanggye	40.96946	126.58523	KP	209530
Kangnyŏng	37.9075	125.51	KP	106827
Kangsŏn	38.93639	125.58111	KP	102436
Kanhangad	12.30814	75.10632	IN	125564
Kani	35.40435	137.05595	JP	102143
Kankan	10.38542	-9.30568	GN	221428
Kano	12.00012	8.51672	NG	4910000
Kanoya	31.38333	130.85	JP	101096
Kanpur	26.46523	80.34975	IN	2823249
Kanpur Cantonment	26.45942	80.37514	IN	108534
Kansas City	39.11417	-94.62746	US	152933
Kansas City	39.09973	-94.57857	US	475378
Kansk	56.20218	95.71848	RU	101502
Kaohsiung	22.61626	120.31333	TW	2737660
Kaolack	14.15197	-16.07259	SN	298904
Kapar	3.13333	101.38333	MY	269627
Kara	9.55111	1.18611	TG	104207
Karabağlar	38.382	27.132	TR	479338
Karabük	41.20488	32.62768	TR	125403
Karachi	24.8608	67.0104	PK	11624219
Karagandy	49.80187	73.10211	KZ	497777
Karaj	35.83266	50.99155	IR	1448075
Karaman	37.18111	33.215	TR	175390
Karamay	45.58473	84.88724	CN	261445
Karatsu	33.4425	129.96972	JP	117663
Karawang	-6.30525	107.3197	ID	307880
Karbala	32.61603	44.02488	IQ	1218732
Kariega	-33.75562	25.40074	ZA	291052
Kariya	34.98333	136.98333	JP	153834
Karlsruhe	49.00937	8.40444	DE	283799
Karnaphuli	22.69056	92.23472	BD	203697
Karnāl	29.69197	76.98448	IN	302140
Karol Bāgh	28.65136	77.19072	IN	505241
Karur	10.95771	78.08095	IN	234191
Karuri	-1.17641	36.7564	KE	194342
Karuri	-0.7	37.18333	KE	194342
Karāwalnagar	28.72712	77.27047	IN	224281
Karīmnagar	18.43915	79.12856	IN	289821
Karşıyaka	38.45772	27.1142	TR	339624
Kasama	-10.21289	31.18084	ZM	179636
Kasangati	0.43803	32.60246	UG	207800
Kasese	0.18333	30.08333	UG	115400
Kashan	33.98237	51.42769	IR	304487
Kashgar	39.46718	75.98675	CN	506640
Kashihara-shi	34.50896	135.7929	JP	124521
Kashipur	29.21399	78.95693	IN	103138
Kashiwa	35.86224	139.97732	JP	433436
Kashiwara	34.45	135.76667	JP	120922
Kassala	15.45099	36.39998	SD	401477
Kassel	51.31667	9.5	DE	197230
Kastamonu	41.37805	33.77528	TR	125622
Kasuga	33.52594	130.4611	JP	111023
Kasugai	35.24762	136.97229	JP	308681
Kasukabe	35.98308	139.74966	JP	229792
Kasulu	-4.57667	30.1025	TZ	238321
Kasur	31.11866	74.45025	PK	510875
Katabi	0.08411	32.46972	UG	154300
Kathmandu	27.70169	85.3206	NP	1442271
Kati	12.74409	-8.07257	ML	130254
Katihar	25.53852	87.57044	IN	240838
Katowice	50.2597	19.02173	PL	286960
Katsina	12.99082	7.60177	NG	670000
Katsushika	35.73333	139.85	JP	453093
Katsuta	36.38333	140.53333	JP	155968
Katumba	-9.23333	33.61667	TZ	108558
Kaunas	54.90156	23.90909	LT	289380
Kawachi-Nagano	34.44108	135.58283	JP	101692
Kawagoe	35.90861	139.48528	JP	354571
Kawaguchi	35.80521	139.71072	JP	607373
Kawanishi	34.81667	135.41667	JP	155165
Kawasaki	35.52056	139.71722	JP	1538262
Kaya	13.0883	-1.08368	BF	121970
Kayes	14.44776	-11.44393	ML	194716
Kayseri	38.73222	35.48528	TR	1452458
Kazan	55.78874	49.12214	RU	1243500
Kazo	36.11667	139.6	JP	112792
Kecskemét	46.90618	19.69128	HU	109847
Kediri	-7.81667	112.01667	ID	301424
Kedungwuni	-6.97038	109.64794	ID	117249
Keelung	25.13089	121.74094	TW	362487
Kelar	34.62805	45.31852	IQ	250000
Kelowna	49.88307	-119.48568	CA	144576
Kembangan	1.32228	103.91135	SG	130252
Kemerovo	55.35417	86.10435	RU	558973
Kendari	-3.9778	122.51507	ID	351085
Kenema	7.87687	-11.19025	SL	255110
Kenitra	34.26101	-6.5802	MA	470949
Kennedy	4.6165	-74.14597	CO	979914
Kent	47.38093	-122.23484	US	126952
Kentron	40.17806	44.51303	AM	133000
Kerch	45.35675	36.47542	UA	148932
Kerman	30.28321	57.07879	IR	577514
Kermanshah	34.31417	47.065	IR	621100
Kfar Saba	32.175	34.90694	IL	110456
Khabarovsk	48.46204	135.0971	RU	618150
Khairpur Mir’s	27.52948	68.75915	PK	191044
Khamis Mushait	18.3	42.73333	SA	387553
Khammam	17.24767	80.14368	IN	196283
Khandwa	21.82427	76.35086	IN	200738
Khanna	30.70547	76.22196	IN	128137
Khanpur	28.64739	70.65694	PK	142426
Khanty-Mansiysk	61.00187	69.02728	RU	101466
Kharagpur	22.33971	87.32501	IN	219665
Khardah	22.71861	88.37806	IN	128346
Khargone	21.82292	75.61394	IN	116150
Kharian	32.81612	73.88697	PK	103036
Kharkiv	49.98177	36.25475	UA	1421125
Khartoum	15.55177	32.53241	SD	1974647
Khartoum North	15.64925	32.53458	SD	1012211
Khasavyurt	43.24872	46.58571	RU	126829
Khasnahzān	36.2009	44.14235	IQ	146639
Khemisset	33.82404	-6.06627	MA	143640
Khenchela	35.43583	7.14333	DZ	114472
Khenifra	32.93492	-5.66167	MA	128318
Khimki	55.9001	37.42848	RU	239967
Khirdalan	40.44808	49.75502	AZ	196200
Khlong Luang	14.06467	100.64578	TH	118551
Khlong Sam Wa	13.87139	100.73719	TH	169489
Khlong Toei	13.71014	100.58192	TH	109041
Khmelnytskyi	49.41835	26.97936	UA	274452
Khobar	26.27944	50.20833	SA	165799
Khomeynī Shahr	32.6856	51.53609	IR	277334
Khon Kaen	16.44671	102.833	TH	114459
Khoroshëvo-Mnevniki	55.78363	37.47137	RU	159000
Khorramabad	33.48778	48.35583	IR	329825
Khorramshahr	30.44079	48.18428	IR	330606
Khouribga	32.88108	-6.9063	MA	214241
Khujand	40.28256	69.62216	TJ	191000
Khulna	22.80979	89.56439	BD	1500689
Khuraybat as Sūq	31.87913	35.92098	JO	186158
Khurja	28.25382	77.85535	IN	105909
Khushāb	32.29667	72.3525	PK	102793
Khuzdar	27.81193	66.61096	PK	218112
Khwisero	0.17124	34.59466	KE	113294
Khān Yūnis	31.34018	34.30627	PS	173183
Khānaqīn	34.3482	45.39065	IQ	175000
Khūy	38.5503	44.9521	IR	198845
Kiambu	-1.17139	36.83556	KE	147870
Kibaha	-6.76667	38.91667	TZ	265360
Kiel	54.32133	10.13489	DE	252668
Kielce	50.87033	20.62752	PL	192468
Kigali	-1.94995	30.05885	RW	1132686
Kigoma	-4.87694	29.62667	TZ	232388
Kikolo	-8.7815	13.33384	AO	728205
Kikuyu	-1.24627	36.66291	KE	323881
Kikwit	-5.04098	18.81619	CD	509367
Kilamba	-8.84861	13.275	AO	237528
Kilis	36.71611	37.115	TR	111648
Killeen	31.11712	-97.7278	US	140806
Kima Kieza	-8.83411	13.29517	AO	428855
Kimberley	-28.73226	24.76232	ZA	142089
Kimhae	35.23417	128.88111	KR	531966
Kindia	10.05692	-12.86576	GN	161024
Kindrativskyi	48.30282	38.05475	UA	101565
Kindu	-2.94373	25.92237	CD	234651
Kingston	44.22976	-76.48098	CA	132485
Kingston	17.99702	-76.79358	JM	937700
Kingston upon Hull	53.7446	-0.33525	GB	314018
Kinshasa	-4.32758	15.31357	CD	16000000
Kipushi	-11.76097	27.25135	CD	169635
Kira	0.4	32.63333	UG	462900
Kirdāsah	30.03103	31.11109	EG	137588
Kirishima	31.74087	130.76288	JP	123205
Kirkuk	35.46806	44.39222	IQ	1031000
Kirov	58.59809	49.65783	RU	507155
Kiryū	36.4	139.33333	JP	108991
Kirāri Sulemānnagar	28.69736	77.0648	IN	283211
Kisangani	0.51528	25.19099	CD	1181788
Kisaran	2.9845	99.6158	ID	141915
Kisarazu	35.38329	139.93254	JP	136166
Kiselëvsk	53.99	86.6621	RU	104000
Kishanganj	26.10224	87.95534	IN	105782
Kishangarh	26.59006	74.85397	IN	154886
Kishiwada	34.46667	135.36667	JP	205561
Kisi	9.08297	3.85196	NG	155510
Kisii	-0.68174	34.76666	KE	112417
Kislovodsk	43.91333	42.72083	RU	132771
Kismayo	-0.35817	42.54536	SO	234852
Kissidougou	9.1848	-10.09987	GN	116019
Kisumu	-0.10221	34.76171	KE	397957
Kita	35.75264	139.73348	JP	332140
Kitakyushu	33.85181	130.85034	JP	940978
Kitale	1.01572	35.00622	KE	162174
Kitami	43.80306	143.89083	JP	119135
Kitchener	43.42537	-80.5112	CA	256885
Kitengela	-1.47612	36.96144	KE	154436
Kitwe	-12.80243	28.21323	ZM	665961
Kiến An	20.80528	106.62556	VN	118047
Klagenfurt am Wörthersee	46.62472	14.30528	AT	100316
Klaipėda	55.7068	21.13912	LT	172292
Klang	3.03667	101.44333	MY	240016
Klaten	-7.70583	110.60639	ID	126831
Klerksdorp	-26.85213	26.66672	ZA	227039
Kluang	2.03046	103.31689	MY	323762
Klungkung	-8.53333	115.4	ID	223720
Knoxville	35.96064	-83.92074	US	190740
Kobe	34.6913	135.183	JP	1525152
Koblenz	50.35357	7.57883	DE	107319
Kochi	9.93988	76.26022	IN	633553
Kochi	33.55	133.53333	JP	332059
Kodaira	35.72603	139.48508	JP	198739
Koforidua	6.09408	-0.25913	GH	151255
Kofu	35.66667	138.56667	JP	189591
Koga	36.18333	139.71667	JP	139344
Koganei	35.70014	139.51109	JP	126074
Kohat	33.58196	71.44929	PK	151427
Koidu	8.64387	-10.9714	SL	128030
Kokshetau	53.28414	69.39364	KZ	150649
Kokubunji	35.70222	139.47556	JP	129242
Kolda	12.8939	-14.94125	SN	103574
Kolhāpur	16.69563	74.23167	IN	549236
Kolkata	22.56263	88.36304	IN	4631392
Kollam	8.88113	76.58469	IN	367107
Kolomna	55.07108	38.78399	RU	147690
Kolpino	59.75069	30.58856	RU	138979
Kolwezi	-10.71484	25.46674	CD	790248
Kolār	13.13768	78.12999	IN	138462
Kom Ombo	24.47669	32.94626	EG	409311
Komaki	35.28333	136.91667	JP	148872
Komatsu	36.40263	136.45088	JP	108509
Kombolcha	11.08155	39.74339	ET	132100
Komsomolsk-on-Amur	50.55034	137.00995	RU	275908
Kon Tum	14.35451	108.00759	VN	205762
Konak	38.4	27.1	TR	332277
Konibodom	40.29414	70.43122	TJ	211100
Konya	37.87135	32.48464	TR	1433861
Korba	22.3458	82.69633	IN	419146
Koreatown	34.05779	-118.30091	US	124281
Korhogo	9.45803	-5.62961	CI	440926
Korla	41.76055	86.15231	CN	549324
Korolev	55.91417	37.82556	RU	139798
Korolyov	50.24487	28.70013	UA	114034
Koronadal	6.50306	124.84694	PH	201844
Koshigaya	35.89035	139.78916	JP	345353
Kostanay	53.21435	63.62463	KZ	210000
Kosti	13.1629	32.66347	SD	345068
Kostroma	57.76638	40.92828	RU	277280
Koszalin	54.19438	16.17222	PL	107450
Kot Addu	30.46907	70.96699	PK	104217
Kot Radha Kishan	31.17068	74.10126	PK	102057
Kota	25.18254	75.83907	IN	1001694
Kota Bharu	6.12361	102.24333	MY	568900
Kota Damansara	3.15454	101.58022	MY	500000
Kota Kinabalu	5.9749	116.0724	MY	500421
Kota Kuala Muda	5.58822	100.37085	MY	544984
Kotamobagu	0.74194	124.31208	ID	121756
Kotri	25.36566	68.30831	PK	106615
Kotō	32.77856	130.74537	JP	543730
Koudougou	12.25188	-2.36694	BF	160239
Koumassi	5.29716	-3.96753	CI	412282
Kousséri	12.07689	15.03063	CM	139024
Koutiala	12.38723	-5.46507	ML	218031
Kovpakivskyi	50.92508	34.79484	UA	142447
Kovrov	56.35752	41.31893	RU	154224
Kowloon	22.31667	114.18333	HK	2232339
Kowloon City	22.33047	114.19222	HK	418732
Kowloon City Centre	22.32979	114.18889	HK	194290
Kozhikode	11.24802	75.7804	IN	550440
Košice	48.71441	21.25802	SK	225044
Kragujevac	44.01667	20.91667	RS	147473
Kraków	50.06143	19.93658	PL	816614
Kramatorsk	48.73106	37.56779	UA	147145
Krasnodar	45.04534	38.98178	RU	899541
Krasnogvargeisky	59.97305	30.47607	RU	337091
Krasnoyarsk	56.03742	92.93136	RU	1090811
Krefeld	51.33645	6.55381	DE	237984
Kremenchuk	49.06253	33.40484	UA	224997
Kresek	-6.13139	106.37972	ID	110182
Kreuzberg	52.49973	13.40338	DE	153135
Krishnanagar	23.40576	88.49073	IN	145926
Kristiansand	58.14671	7.9956	NO	117237
Kroonstad	-27.65036	27.23488	ZA	117152
Kropyvnytskyi	48.50834	32.26618	UA	219676
Krugersdorp	-26.08577	27.77515	ZA	378821
Kryvyy Rih	47.90572	33.39404	UA	603904
Ksar El Kebir	35.00044	-5.90378	MA	138262
Kuala Krai	5.5313	102.19925	MY	105007
Kuala Kubu Baharu	3.5638	101.6581	MY	194387
Kuala Lumpur	3.1412	101.68653	MY	1453975
Kuala Terengganu	5.3302	103.1408	MY	426500
Kuantan	3.8077	103.326	MY	548014
Kuching	1.55	110.33333	MY	402738
Kufa	32.05114	44.44017	IQ	110000
Kukatpally	17.48486	78.41376	IN	341709
Kukichūō	36.06739	139.67498	JP	150582
Kulim	5.36499	100.56177	MY	170889
Kulti	23.73166	86.84372	IN	305405
Kumagaya	36.13497	139.39004	JP	195277
Kumamoto	32.80589	130.69181	JP	738907
Kumarapalayam	11.44495	77.71102	IN	195071
Kumasi	6.68848	-1.62443	GH	2544530
Kumba	4.6363	9.4469	CM	225046
Kumbakonam	10.96209	79.39124	IN	167155
Kumbo	6.2	10.66667	CM	125124
Kunduz	36.72895	68.857	AF	161902
Kuningan	-6.97583	108.48306	ID	111742
Kunming	25.03889	102.71833	CN	3855346
Kunri	25.17874	69.56572	PK	237063
Kunshan	31.37762	120.95431	CN	2092496
Kuntsevo	55.74216	37.40225	RU	147497
Kuopio	62.89238	27.67703	FI	125462
Kupang	-10.17083	123.60694	ID	474801
Kurashiki	34.58333	133.76667	JP	483576
Kure	34.23222	132.56658	JP	214592
Kurgan	55.44905	65.34344	RU	309285
Kurichchi	10.96085	76.97379	IN	123667
Kurnool	15.82887	78.03602	IN	460184
Kursk	51.72689	36.18457	RU	448733
Kurume	33.31667	130.51667	JP	303579
Kusatsu	35.01667	135.96667	JP	143913
Kushinagar	26.74134	83.88689	IN	274403
Kushiro	42.975	144.37472	JP	167875
Kushtia	23.9028	89.11943	BD	135724
Kutaisi	42.26791	42.69459	GE	135201
Kuwana	35.05192	136.66958	JP	140051
Kuz’minki	55.7	37.8	RU	143000
KwaDukuza	-29.32816	31.28954	ZA	161177
Kwai Chung	22.36828	114.13877	HK	331600
Kwekwe	-18.92809	29.81486	ZW	119863
Kyaukpyu	19.42793	93.55134	MM	180000
Kyauktan	16.63736	96.32512	MM	132765
Kyengera	0.29517	32.50159	UG	285400
Kyimyindine	16.80852	96.12415	MM	111514
Kyiv	50.45466	30.5238	UA	2952301
Kyivskyi	48.04646	37.77571	UA	139177
Kyivskyi	49.60902	34.52933	UA	110600
Kyoto	35.02107	135.75385	JP	1463723
Kyzyl	51.71108	94.43776	RU	116983
Kyzylorda	44.85278	65.50917	KZ	354800
Köln	50.93333	6.95	DE	1024621
Kütahya	39.42417	29.98333	TR	185008
Küçükçekmece	40.99104	28.77123	TR	792030
Kākināda	16.96036	82.23809	IN	384182
Kāmārhāti	22.67111	88.37472	IN	332965
Kānchrāpāra	22.95998	88.42849	IN	136954
Kāraikkudi	10.06615	78.76784	IN	181851
Kāshmar	35.23831	58.46558	IR	131517
Kāshān	34.00228	51.43879	IR	304487
Kāzerūn	29.61919	51.6535	IR	112360
Kēng Tung	21.63093	99.92676	MM	171620
Kırıkkale	39.84528	33.50639	TR	186960
Kırşehir	39.14583	34.16389	TR	150700
Kızıltepe	37.18836	40.57723	TR	150174
Kōnosu	36.06868	139.51684	JP	116828
Kōriyama	37.4	140.38333	JP	327692
Kŭlob	37.91459	69.78454	TJ	214700
Kỳ Anh	18.06243	106.29832	VN	150226
L'Hospitalet de Llobregat	41.35967	2.10028	ES	257038
La Ceiba	15.75971	-86.78221	HN	222055
La Ceiba	15.76667	-86.83333	HN	215973
La Cité-Limoilou	46.82894	-71.22641	CA	108415
La Concepción	10.61919	-71.83814	VE	120478
La Gi	10.65993	107.77206	VN	160652
La Laguna	28.4853	-16.32014	ES	150661
La Paz	-16.5	-68.15	BO	2004652
La Paz	24.14231	-110.31316	MX	250141
La Pintana	-33.58331	-70.63419	CL	201178
La Plata	-34.92126	-57.95442	AR	195443
La Rioja	-29.41328	-66.85637	AR	178872
La Romana	18.42332	-68.96635	DO	208437
La Serena	-29.90591	-71.25014	CL	154521
La Trinidad	16.455	120.5875	PH	142925
La Vega	19.22031	-70.53101	DO	102426
La Victoria	10.22677	-67.33122	VE	126721
Laayoune	27.1418	-13.18797	EH	196331
Labuan Bajo	-8.4964	119.8877	ID	188724
Labé	11.31823	-12.28332	GN	107571
Ladysmith	-28.55874	29.77896	ZA	143446
Lafayette	30.22409	-92.01984	US	121374
Lafia	8.4939	8.51532	NG	127236
Lafiagi	8.85299	5.41641	NG	102779
Lagarto	-10.91722	-37.65	BR	101579
Lages	-27.81611	-50.32611	BR	164676
Laghouat	33.8	2.86514	DZ	134372
Lagos	6.45407	3.39467	NG	15388000
Lahad Datu	5.02298	118.32897	MY	105622
Lahore	31.558	74.35071	PK	13004135
Lahti	60.98267	25.66151	FI	121622
Lahān	26.72022	86.48258	NP	102955
Laibin	23.74743	109.22222	CN	910282
Laiwu	36.19278	117.65694	CN	989535
Laixi	36.85917	120.52694	CN	341470
Laiyang	36.97583	120.71361	CN	169594
Laizhou	37.18073	119.94217	CN	188000
Lajeado	-23.53361	-46.40866	BR	164391
Lak Si	13.88724	100.5792	TH	109770
Lakeland	28.03947	-81.9498	US	104401
Lakewood	39.70471	-105.08137	US	152597
Lakhīmpur	27.94822	80.77935	IN	140223
Lal Bahadur Nagar	17.34769	78.55757	IN	261987
Lalitpur	24.69007	78.41915	IN	126475
Lambaré	-25.34682	-57.60647	PY	126377
Lampa	-33.2863	-70.87561	CL	102234
Lampang	18.29232	99.49277	TH	156139
Lancaster	34.69804	-118.13674	US	161103
Lander	10.18333	-66.7	VE	176346
Lang'ata	-1.3666	36.73324	KE	172569
Langfang	39.52079	116.71471	CN	868066
Langley	49.10107	-122.65883	CA	132603
Langsa	4.4683	97.9683	ID	184016
Lansing	42.73253	-84.55553	US	112644
Lanzhou	36.05701	103.83987	CN	3000000
Lanús	-34.70757	-58.39132	AR	212252
Laoag	18.1978	120.5957	PH	112117
Laohekou	32.38583	111.66778	CN	253112
Lapu-Lapu City	10.31028	123.94944	PH	497813
Larache	35.19321	-6.15572	MA	136505
Laredo	27.50641	-99.50754	US	256153
Larkana	27.55898	68.21204	PK	364033
Las Cruces	32.31232	-106.77834	US	101643
Las Palmas de Gran Canaria	28.10178	-15.41573	ES	383516
Las Piñas	14.45056	120.98278	PH	615549
Las Tunas	20.96135	-76.95192	CU	203684
Las Vegas	36.17497	-115.13722	US	641903
Lashio	22.9359	97.7498	MM	131000
Lasnamäe	59.4336	24.86017	EE	115008
Lat Krabang	13.72197	100.78473	TH	163175
Lat Phrao	13.80335	100.60696	TH	122182
Latacunga	-0.93424	-78.6152	EC	205624
Latakia	35.53125	35.79088	SY	709000
Latina	40.38897	-3.74569	ES	256644
Latkrabang	13.72784	100.74609	TH	173987
Latur	18.39721	76.56784	IN	382940
Lauro de Freitas	-12.89444	-38.32722	BR	203331
Lausanne	46.516	6.63282	CH	139111
Laval	45.56995	-73.692	CA	438366
Lavras	-21.24528	-44.99972	BR	104761
Lawang	-7.8353	112.6947	ID	112540
Layyah	30.96128	70.93904	PK	151274
Le Havre	49.49346	0.10785	FR	185972
Le Mans	48.0021	0.20251	FR	144515
Le Plateau-Mont-Royal	45.52833	-73.58081	CA	105813
Le Vieux-Longueuil	45.53721	-73.50773	CA	135218
Lecheng	25.128	113.35041	CN	124268
Leeds	53.79648	-1.54785	GB	536280
Leeuwarden	53.20271	5.80973	NL	124481
Leganés	40.32718	-3.7635	ES	188425
Legaspi	13.14125	123.74073	PH	179481
Legnica	51.21006	16.1619	PL	106033
Leicester	52.6386	-1.13169	GB	368600
Leiden	52.15833	4.49306	NL	119713
Leipzig	51.33962	12.37129	DE	504971
Leiria	39.74362	-8.80705	PT	128640
Leiyang	26.40238	112.85908	CN	129116
Lekki	6.44632	3.47717	NG	401272
Lembang	-6.81167	107.6175	ID	183130
Lengshuijiang	27.68806	111.42944	CN	115399
Leninsk-Kuznetsky	54.6567	86.1737	RU	109023
Les Cayes	18.19199	-73.74948	HT	125799
Leshan	29.56227	103.76386	CN	662814
Lethbridge	49.69999	-112.81856	CA	103197
Leuven	50.87959	4.70093	BE	101032
Leverkusen	51.0303	6.98432	DE	162738
Lewisville	33.04623	-96.99417	US	104039
Lexington	37.98869	-84.47772	US	320347
Lexington-Fayette	38.0498	-84.45855	US	314488
León	42.60003	-5.57032	ES	124772
León	12.43527	-86.87862	NI	144538
León de los Aldama	21.12183	-101.68253	MX	1579803
Lhasa	29.65	91.1	CN	118721
Lhoka	29.24301	91.77239	CN	353700
Lhokseumawe	5.1801	97.1507	ID	200876
Lianghu	29.99152	120.89845	CN	155000
Liangping	30.66108	107.7661	CN	137620
Lianhe	47.13333	129.27426	CN	121367
Lianjiang	21.64673	110.28172	CN	100341
Lianshan	40.76432	120.85327	CN	313247
Lianyungang	34.59845	119.21556	CN	2001009
Liaocheng	36.45064	116.00247	CN	1229768
Liaoyang	41.27194	123.17306	CN	687890
Liberec	50.76711	15.05619	CZ	102951
Libertad	8.94417	125.50194	PH	250353
Libreville	0.39241	9.45356	GA	846090
Licheng	23.29549	113.82465	CN	172775
Lichinga	-13.31278	35.24056	MZ	281341
Lichuan	30.3	108.85	CN	120587
Lida	53.88333	25.29972	BY	103262
Lijiang	26.86879	100.22072	CN	211151
Likasi	-10.98303	26.7384	CD	635768
Lille	50.63391	3.05512	FR	238695
Lilongwe	-13.96692	33.78725	MW	1115815
Lima	-12.04318	-77.02824	PE	7737002
Limassol	34.68406	33.03794	CY	154000
Limbe	4.02356	9.20607	CM	131381
Limeira	-22.56472	-47.40167	BR	291869
Limerick	52.66472	-8.62306	IE	102287
Limoges	45.83362	1.24759	FR	141176
Limuru	-1.1136	36.64205	KE	159314
Lincang	23.87972	100.09455	CN	323708
Lincoln	53.22683	-0.53792	GB	103813
Lincoln	40.8	-96.66696	US	294757
Linfen	36.08889	111.51889	CN	959198
Linhares	-19.39111	-40.07222	BR	166786
Linköping	58.41086	15.62157	SE	166673
Linqu	36.51556	118.53972	CN	299646
Linshui	36.42472	114.20472	CN	109955
Linxi	39.71183	118.44954	CN	100316
Linxia Chengguanzhen	35.60028	103.20639	CN	274466
Linyi	35.06306	118.34278	CN	2743843
Linz	48.30639	14.28611	AT	204846
Lipa City	13.9411	121.1631	PH	212287
Lipetsk	52.5876	39.55151	RU	509735
Lira	2.2499	32.89985	UG	119323
Lisala	2.15127	21.51672	CD	117464
Lisbon	38.72509	-9.1498	PT	517802
Lishui	28.46042	119.91029	CN	451418
Little Rock	34.74648	-92.28959	US	202591
Liupanshui	26.59444	104.83333	CN	1320825
Liuzhi	26.2342	105.426	CN	138826
Liuzhou	24.32405	109.40698	CN	1436599
Liverpool	53.41058	-2.97794	GB	496770
Livingstone	-17.84194	25.85425	ZM	178361
Livoberezhnyi	47.1093	37.64306	UA	122175
Livorno	43.54427	10.32615	IT	157017
Lizhi	29.70317	107.39521	CN	156753
Liège	50.63373	5.56749	BE	195278
Ljubljana	46.05108	14.50513	SI	272220
Lleida	41.61674	0.62218	ES	140797
Lo Prado	-33.4443	-70.72552	CL	104316
Loa Janan	-0.58295	117.09503	ID	212816
Lobito	-12.3644	13.53601	AO	393079
Lodhran	29.5339	71.63244	PK	144512
Logan City	-27.63917	153.10944	AU	345098
Logroño	42.46615	-2.45115	ES	151164
Loja	-3.99313	-79.20422	EC	274112
Lomas de Zamora	-34.7574	-58.40279	AR	111897
Lomé	6.12874	1.22154	TG	2188376
London	42.98339	-81.23304	CA	422324
London	51.50853	-0.12574	GB	8961989
Londrina	-23.31028	-51.16278	BR	581382
Long Beach	33.76696	-118.18923	US	474140
Long Bien	21.03333	105.9	VN	347829
Long Khánh	10.92655	107.24783	VN	171276
Long Xuyên	10.38639	105.43518	VN	286140
Longfeng	46.53168	125.1038	CN	152074
Longgang	22.72289	114.26326	CN	215273
Longjiang	47.33601	123.196	CN	106384
Longjing	42.77131	129.42307	CN	117185
Longling County	24.58663	98.68934	CN	270000
Longshan	42.88545	125.1367	CN	465249
Longshui	29.56555	105.76205	CN	121609
Longueuil	45.5152	-73.46818	CA	229330
Longyan	25.07485	117.01775	CN	1025087
Loni	28.75143	77.29023	IN	516082
Los Angeles	34.05223	-118.24368	US	3820914
Los Baños	14.17025	121.24181	PH	117030
Los Mochis	25.79097	-108.99825	MX	256613
Los Puertos de Altagracia	10.71492	-71.52168	VE	101527
Los Rastrojos	10.02588	-69.24166	VE	100497
Los Teques	10.34954	-67.04266	VE	252242
Los Ángeles	-37.46973	-72.35366	CL	125430
Loudi	27.73444	111.99444	CN	497171
Louga	15.61867	-16.22436	SN	113365
Louisville	38.25424	-85.75941	US	624444
Lowell	42.63342	-71.31617	US	110699
Lower Hutt	-41.21667	174.91667	NZ	114200
Luancheng	37.88452	114.64629	CN	597130
Luanda	-8.83682	13.23432	AO	2776168
Luanshya	-13.13667	28.41661	ZM	193293
Lubango	-14.91717	13.4925	AO	600751
Lubbock	33.57786	-101.85517	US	249042
Lublin	51.25058	22.57009	PL	336339
Lubuklinggau	-3.2945	102.8614	ID	234166
Lubumbashi	-11.66089	27.47938	CD	2221925
Lucapa	-8.41915	20.74466	AO	110000
Lucena	13.93139	121.61722	PH	228758
Lucknow	26.83928	80.92313	IN	2472011
Ludhiana	30.91204	75.85379	IN	1618879
Ludwigshafen am Rhein	49.48121	8.44641	DE	163196
Luena	-11.78333	19.91667	AO	273675
Lugazi	0.36788	32.9376	UG	128400
Luhansk	48.56814	39.30553	UA	397677
Luis Eduardo Magalhães	-12.09086	-45.78501	BR	107909
Lumajang	-8.1335	113.2248	ID	123626
Luodian	31.41556	121.33444	CN	118323
Luohe	33.57424	114.03261	CN	1294974
Luohu District	22.54721	114.13149	CN	1143801
Luojiang	31.30497	104.50484	CN	212186
Luoyang	34.67345	112.43684	CN	1390581
Luoyang	23.16244	114.27342	CN	123144
Lusail	25.4175	51.5075	QA	198600
Lusaka	-15.40669	28.28713	ZM	2212301
Lushui	25.8232	98.85853	CN	197000
Luton	51.87967	-0.41748	GB	225262
Lutsk	50.75784	25.35024	UA	215986
Luxor	25.69893	32.6421	EG	422407
Luzhou	28.8903	105.42575	CN	998900
Luziânia	-16.2525	-47.95028	BR	209129
Lu’an	31.73561	116.51688	CN	1644344
Lviv	49.83826	24.02324	UA	717273
Lyon	45.74906	4.84789	FR	520774
Lyon 03	45.76124	4.85184	FR	102725
Lyubertsy	55.67719	37.89322	RU	154650
Lyublino	55.67738	37.76005	RU	172000
Lào Cai	22.48556	103.97066	VN	130671
Lárisa	39.62847	22.42112	GR	146926
Léogâne	18.5111	-72.63343	HT	134190
Lévis	46.80326	-71.17793	CA	143414
Lübeck	53.86893	10.68729	DE	212207
Lüliang	37.5192	111.14436	CN	3346500
Lāhījān	37.20416	50.00919	IR	101073
Lạng Sơn	21.85264	106.76101	VN	200108
M'Sila	35.70889	4.53722	DZ	132975
Ma On Shan	22.40613	114.24079	HK	215200
Maastricht	50.84833	5.68889	NL	122378
Maba	24.68413	113.59839	CN	113609
Mabalacat City	15.22303	120.57117	PH	188050
Mabopane	-25.509	28.064	ZA	110972
Macapá	0.03889	-51.06639	BR	512902
Macau	22.20056	113.54611	MO	649335
Macaé	-22.38484	-41.78324	BR	143029
Maceió	-9.66583	-35.73528	BR	1031597
Machala	-3.25886	-79.95876	EC	289141
Macheng	31.18013	115.02213	CN	126366
Machida	35.54028	139.45083	JP	431079
Machilīpatnam	16.18747	81.13888	IN	192827
Machiques	10.06077	-72.55212	VE	132734
Madanapalle	13.5503	78.50288	IN	180180
Madhavaram	13.14819	80.2314	IN	119105
Madhurampur Dehri	24.96899	84.1964	IN	137231
Madhyamgram	22.68944	88.44594	IN	161126
Madhyapur Thimi	27.68056	85.3875	NP	119955
Madinah	24.46861	39.61417	SA	1300000
Madison	43.07305	-89.40123	US	280305
Madiun	-7.6298	111.5239	ID	202544
Madrid	4.73245	-74.26419	CO	135000
Madrid	40.4165	-3.70256	ES	3255944
Madrid Centro	40.41831	-3.70275	ES	149718
Madurai	9.919	78.11953	IN	1465625
Madīnat an Naşr	30.06667	31.3	EG	668413
Madīnat Ḩamad	26.11528	50.50694	BH	133550
Maebashi	36.4	139.08333	JP	332149
Magangué	9.24202	-74.75467	CO	123982
Magdalena Contreras	19.33212	-99.21118	MX	238431
Magdeburg	52.13129	11.63189	DE	244329
Magelang	-7.47056	110.21778	ID	128709
Maghāghah	28.64776	30.841	EG	118223
Magnitogorsk	53.39808	59.0066	RU	413351
Magugpo Poblacion	7.4475	125.8046	PH	233254
Magé	-22.65278	-43.04056	BR	244092
Mahajanga	-15.71667	46.31667	MG	260556
Maharagama	6.848	79.9265	LK	195355
Mahbūbnagar	16.74385	77.98597	IN	190400
Maheshtala	22.50862	88.25322	IN	448317
Mahesāna	23.59864	72.38472	IN	190753
Mahilyow	53.90876	30.34044	BY	352896
Mahābād	36.7631	45.7222	IR	168393
Maianga	-8.84693	13.23698	AO	727681
Maicao	11.37837	-72.2395	CO	166603
Maidstone	51.26667	0.51667	GB	107627
Maiduguri	11.84692	13.15712	NG	1110000
Maijdi	22.86667	91.1	BD	132185
Mailsi	29.80123	72.17398	PK	125431
Mainz	49.98185	8.28008	DE	222889
Maipú	-33.51421	-70.7651	CL	503635
Mairiporã	-23.31861	-46.58667	BR	101937
Majie	25.0319	102.638	CN	131696
Makassar	-5.14861	119.43194	ID	1474393
Makati City	14.55027	121.03269	PH	510383
Makhachkala	42.97782	47.50027	RU	596356
Makiyivka	48.04782	37.92576	UA	338968
Makkah	21.42664	39.82563	SA	1578722
Makumbako	-8.85	34.83333	TZ	116232
Makurdi	7.73375	8.52139	NG	390000
Malabo	3.75578	8.78166	GQ	155963
Malabon	14.67333	120.93972	PH	365525
Malacca	2.196	102.2405	MY	579000
Malakal	9.53342	31.66049	SS	160765
Malambo	10.85953	-74.77386	CO	129148
Malang	-7.9797	112.6304	ID	889359
Malanje	-9.54015	16.34096	AO	455000
Malappuram	11.04199	76.08154	IN	101386
Malatia-Sebastia	40.17396	44.4457	AM	150500
Malatya	38.35018	38.31667	TR	750491
Malda	25.00447	88.14573	IN	170039
Maldonado	-34.89791	-54.95021	UY	102000
Male	4.17521	73.50916	MV	103693
Malegaon	20.54966	74.53462	IN	481228
Malindi	-3.21799	40.11692	KE	119859
Malingao	7.16083	124.475	PH	1121974
Malir Cantonment	24.94343	67.20591	PK	300000
Malita	6.415	125.61167	PH	118438
Malkajgiri	17.44781	78.52633	IN	150000
Mallawī	27.73264	30.84129	EG	212628
Malmö	55.60587	13.00073	SE	362133
Malolos	14.8443	120.81039	PH	269809
Maltepe	40.93567	29.15507	TR	427040
Malāyer	34.30158	48.82166	IR	170237
Man	7.41251	-7.55383	CI	241969
Manacapuru	-3.29972	-60.62056	BR	110691
Manado	1.48218	124.84892	ID	458582
Managua	12.13282	-86.2504	NI	973087
Manama	26.22787	50.58565	BH	147074
Manas	40.94498	72.99313	KG	123239
Manaus	-3.10194	-60.025	BR	2219580
Manchester	53.48095	-2.23743	GB	568996
Manchester	42.99564	-71.45479	US	110229
Mandalay	21.97473	96.08359	MM	1208099
Mandaluyong	14.57837	121.03522	PH	425000
Mandaluyong City	14.5832	121.0409	PH	465902
Mandaqui	-23.45947	-46.64086	BR	103665
Mandaue City	10.32361	123.92222	PH	331320
Mandera	3.93726	41.85688	KE	114718
Mandi Bahauddin	32.58704	73.49123	PK	129733
Mandimba	-14.3525	35.65056	MZ	118922
Mandoli	28.70275	77.30995	IN	120417
Mandsaur	24.07184	75.06986	IN	141667
Mandurah	-32.5269	115.7217	AU	107643
Mandya	12.5223	76.89746	IN	137358
Manfalūţ	27.3126	30.96987	EG	117925
Mangalagiri	16.43083	80.56815	IN	107197
Mangaluru	12.91723	74.85603	IN	499487
Mango	22.8275	86.21639	IN	223805
Manhattan	40.78343	-73.96625	US	1487536
Manila	14.6042	120.9822	PH	1600000
Manisa	38.61202	27.42647	TR	243971
Manizales	5.0668	-75.50684	CO	434403
Manjhand	25.90827	68.23683	PK	140766
Mannheim	49.4891	8.46694	DE	307960
Manokwari	-0.86291	134.06402	ID	132300
Manolo Fortich	8.36972	124.86444	PH	118075
Manp’o	41.15472	126.28944	KP	116760
Mansa	-11.19976	28.89431	ZM	170965
Mansfield	53.13333	-1.2	GB	171958
Mansilingan	10.63111	122.97889	PH	454150
Manta	-0.94937	-80.73137	EC	264281
Mantampay	8.16667	124.21667	PH	265032
Mantilla	23.06794	-82.34143	CU	206918
Manukau City	-36.99282	174.87986	NZ	362000
Manzanillo	20.3424	-77.11928	CU	128188
Manzanillo	19.11695	-104.34214	MX	159853
Manzini	-26.49884	31.38004	SZ	110537
Manéah	9.73333	-13.41667	GN	194297
Man’gyŏngdae-ri	38.99182	125.65871	KP	321690
Maoming	21.66625	110.91364	CN	1307802
Maputo	-25.96553	32.58322	MZ	1254837
Mar del Plata	-38.00042	-57.5562	AR	593337
Marabá	-5.38146	-49.13232	BR	145860
Maracaibo	10.64232	-71.61089	VE	1752602
Maracanaú	-3.87667	-38.62556	BR	234509
Maracay	10.24972	-67.59475	VE	464700
Maradi	13.5	7.10174	NE	361702
Maramag	7.76333	125.00528	PH	109864
Maran	3.586	102.773	MY	111056
Marand	38.4329	45.7749	IR	124191
Maranguape	-3.89083	-38.68556	BR	105093
Marawi City	8.0034	124.28395	PH	259993
Marbella	36.51543	-4.88583	ES	156295
Marcory	5.31198	-3.99363	CI	214061
Mardan	34.19794	72.04965	PK	300424
Mardin	37.31309	40.74357	TR	129864
Marg‘ilon	40.47237	71.72463	UZ	253500
Marianao	23.07387	-82.42969	CU	134057
Mariara	10.29532	-67.7177	VE	116142
Maricá	-22.91944	-42.81861	BR	211986
Marienthal	53.56667	10.08333	DE	287101
Marikina City	14.6481	121.1133	PH	471323
Maringá	-23.42528	-51.93861	BR	409657
Marituba	-1.35528	-48.34194	BR	111785
Mariupol	47.09514	37.54131	UA	230000
Mariveles	14.43385	120.48569	PH	156200
Marka	1.71594	44.77166	SO	230100
Markham	43.86682	-79.2663	CA	338503
Marne La Vallée	48.83584	2.64241	FR	318325
Maroua	10.59095	14.31593	CM	314122
Marrakesh	31.63416	-7.99994	MA	995871
Marseille	43.29695	5.38107	FR	877215
Marsá Maţrūḩ	31.3529	27.23725	EG	176498
Martapura	-3.4109	114.8642	ID	131449
Marugame	34.28333	133.78333	JP	109513
Marvdasht	29.87407	52.80258	IR	148858
Mary	37.59378	61.83031	TM	167027
Maryvale	33.50199	-112.17765	US	208189
Marzahn	52.54525	13.56983	DE	111508
Marília	-22.21389	-49.94583	BR	240590
Marāgheh	37.39206	46.23909	IR	262604
Marāgheh	35.82916	59.63324	IR	262604
Marīvān	35.51829	46.18298	IR	136654
Mar’ino	55.65	37.71667	RU	243000
Masai	1.4907	103.8788	MY	141730
Masaka	-0.33379	31.73409	UG	116600
Masan	35.12725	126.83149	KR	434371
Masaya	11.97316	-86.09587	NI	130113
Mascara	35.39664	0.14027	DZ	108629
Maseru	-29.31667	27.48333	LS	359753
Mashhad	36.29807	59.60567	IR	2307177
Masina	-4.38361	15.39139	CD	485167
Masindi	1.67444	31.715	UG	110500
Masjed Soleymān	31.9364	49.3039	IR	100497
Matadi	-5.83861	13.46306	CD	425662
Matagalpa	12.92795	-85.91906	NI	109089
Matanzas	23.04388	-81.58284	CU	146733
Mataram	-8.58333	116.11667	ID	441147
Mataró	41.54211	2.4445	ES	126988
Mathura	27.5035	77.67215	IN	330511
Mati	6.95508	126.21655	PH	105908
Matola	-25.96222	32.45889	MZ	1198988
Matsubara	34.56667	135.55	JP	130855
Matsudo	35.77995	139.90144	JP	498575
Matsue	35.48333	133.05	JP	203616
Matsumoto	36.23333	137.96667	JP	241145
Matsusaka	34.57895	136.53706	JP	159145
Matsutō	36.51667	136.56667	JP	110408
Matsuyama	33.83916	132.76574	JP	511192
Matuga	-4.168	39.57068	KE	194252
Maturín	9.74569	-63.18323	VE	647459
Mau	25.94167	83.56111	IN	246050
Mauá	-23.66778	-46.46139	BR	418261
Mawlamyine	16.49051	97.62825	MM	438861
Maxixe	-23.85972	35.34722	MZ	126408
Maykop	44.60789	40.10242	RU	141970
Mazabuka	-15.85601	27.748	ZM	104412
Mazatlán	23.22163	-106.41885	MX	381583
Mazyr	52.04162	29.21631	BY	104517
Mazār-e Sharīf	36.70904	67.11087	AF	523300
Ma’anshan	31.68579	118.51008	CN	741531
Mbaké	14.79032	-15.90803	SN	101451
Mbale	1.08209	34.17503	UG	111300
Mbandaka	0.04865	18.26034	CD	455011
Mbanza Kongo	-6.26667	14.23833	AO	148000
Mbanza-Ngungu	-5.25837	14.85838	CD	142773
Mbarara	-0.60467	30.64851	UG	221300
Mbeya	-8.9	33.45	TZ	541603
Mbombela	-25.47512	30.96935	ZA	110159
Mbour	14.42196	-16.96375	SN	284189
Mbuji-Mayi	-6.13603	23.58979	CD	2101332
McAllen	26.20341	-98.23001	US	140269
McKinney	33.19762	-96.61527	US	162898
Mdantsane	-32.93324	27.77656	ZA	205504
Meads	38.41258	-82.70905	US	288649
Medan	3.58333	98.66667	ID	2486283
Medellín	6.245	-75.57151	CO	1999979
Medina Estates	5.6658	-0.16307	GH	101207
Medinīpur	22.42114	87.32257	IN	153349
Meerut	28.98002	77.70636	IN	1223184
Meguro	35.6322	139.70174	JP	288088
Meiktila	20.87776	95.85844	MM	177442
Meishan	30.04392	103.83696	CN	1107742
Meizhou	24.28859	116.11768	CN	992351
Mejicanos	13.72397	-89.188	SV	160317
Mek'ele	13.49667	39.47528	ET	457900
Meknes	33.89352	-5.54727	MA	568295
Melbourne	-37.814	144.96332	AU	5435590
Melitopol	46.84735	35.38196	UA	148851
Memphis	35.14953	-90.04898	US	633104
Mendip	51.2372	-2.6266	GB	110000
Mendoza	-32.88946	-68.84582	AR	114893
Mengmao	24.00139	97.86499	CN	112578
Mengzi	23.36779	103.38212	CN	595100
Menongue	-14.6585	17.69099	AO	251178
Mentougou	39.93819	116.09307	CN	197772
Merauke	-8.49958	140.40613	ID	116864
Mercier–Hochelaga-Maisonneuve	45.57194	-73.54626	CA	142753
Merkezefendi	37.80544	29.04236	TR	280341
Merlo	-34.66536	-58.72744	AR	268961
Mersin	36.81196	34.63886	TR	537842
Mesa	33.42227	-111.82264	US	471825
Mesquite	32.7668	-96.59916	US	144788
Messina	38.19394	15.55256	IT	219948
Mestre	45.49167	12.24538	IT	147662
Metairie	29.98409	-90.15285	US	138481
Metairie Terrace	29.97854	-90.16396	US	142489
Metro	-5.11306	105.30667	ID	182293
Metz	49.11911	6.17269	FR	123914
Mexicali	32.62781	-115.45446	MX	1032686
Mexico City	19.42847	-99.12766	MX	12294193
Meycauayan	14.73694	120.96083	PH	228023
Mezhdurechensk	53.68993	88.06221	RU	101026
Miami	25.77427	-80.19366	US	487014
Miami Gardens	25.94204	-80.2456	US	113187
Mian Channun	30.44067	72.35679	PK	140112
Mianwali	32.57756	71.52847	PK	129500
Mianyang	31.46784	104.68168	CN	1550000
Mianzhu, Deyang, Sichuan	31.33786	104.22057	CN	510000
Miass	55.04552	60.10756	RU	167500
Middelburg	-25.77507	29.46482	ZA	196263
Middlesbrough	54.57623	-1.23483	GB	142707
Midland	31.99735	-102.07791	US	132524
Midsayap	7.19083	124.53028	PH	117365
Miguel Hidalgo	19.43411	-99.20024	MX	372889
Milagro	-2.13396	-79.59337	EC	133508
Milan	45.46427	9.18951	IT	1371498
Milton	43.51681	-79.88294	CA	132979
Milton Keynes	52.04172	-0.75583	GB	256385
Milwaukee	43.0389	-87.90647	US	563531
Minamirinkan	35.49527	139.44279	JP	224015
Minatitlán	18.00011	-94.5569	MX	112046
Minato	34.2152	135.1501	JP	375339
Minato City	35.6581	139.7515	JP	260486
Mingachevir	40.76422	47.06227	AZ	106048
Mingala Tangnyunt	16.78855	96.17234	MM	132494
Mingaladon	16.92406	96.09768	MM	136000
Mingora	34.7795	72.36265	PK	361112
Mingshui	36.71667	117.5	CN	114858
Minhang	31.10881	121.37471	CN	2716600
Minna	9.61524	6.54776	NG	425000
Minneapolis	44.97997	-93.26384	US	410939
Minoh	34.82691	135.47057	JP	136868
Minsk	53.90019	27.56653	BY	1742124
Minya	28.09193	30.75813	EG	283605
Miraflores	-12.11331	-77.03274	PE	187401
Miramar	22.36094	-97.89997	MX	118614
Miramar	25.98731	-80.23227	US	137132
Miri	4.39928	113.99163	MY	300543
Mirpur Khas	25.5276	69.01255	PK	267833
Mirpur Model Thana	23.80931	90.36093	BD	546503
Miryalaguda	16.8722	79.56247	IN	104918
Mirzāpur	25.1449	82.56534	IN	220029
Misato, Saitama	35.84373	139.88347	JP	142145
Mishima	35.11667	138.91667	JP	107851
Miskolc	48.10327	20.77806	HU	154521
Misratah	32.37535	15.09254	LY	355657
Mississauga	43.5789	-79.6583	CA	717961
Mito	36.35	140.45	JP	270685
Mitrovicë	42.88333	20.86667	XK	107045
Mitte	52.52003	13.40489	DE	102338
Mityana	0.4175	32.02278	UG	105200
Mixco	14.63077	-90.60711	GT	465773
Miyakonojō	31.73333	131.06667	JP	161137
Miyazaki	31.91667	131.41667	JP	401339
Mlolongo	-1.39639	36.94028	KE	136351
Moanda	-5.92753	12.37148	CD	128804
Mobile	30.69436	-88.04305	US	183289
Mocuba	-16.8375	36.98556	MZ	196001
Modakeke	7.38299	4.26031	NG	119529
Model Town	31.48104	74.32563	PK	100000
Modena	44.64783	10.92539	IT	184732
Modesto	37.6391	-120.99688	US	211266
Moers	51.45342	6.6326	DE	103487
Moga	30.81383	75.16878	IN	163397
Mogadishu	2.03711	45.34375	SO	2587183
Mogi Guaçu	-22.3677	-46.94552	BR	153658
Mogi das Cruzes	-23.52278	-46.18833	BR	325746
Mohali	30.67995	76.72211	IN	166864
Mohammadpur	24.89843	88.52844	BD	527571
Mohammedia	33.68607	-7.38298	MA	227799
Mojokerto	-7.4664	112.4338	ID	141785
Mokopane	-24.19436	29.00974	ZA	101090
Mokotów	52.1934	21.03487	PL	217683
Mokpo	34.81282	126.39181	KR	268402
Mombasa	-4.05466	39.66359	KE	1208333
Moncloa-Aravaca	40.43547	-3.7317	ES	116531
Monclova	26.90687	-101.42056	MX	215271
Mongu	-15.24835	23.12741	ZM	111450
Monrovia	6.30054	-10.7969	LR	1542549
Monterrey	25.68435	-100.31721	MX	1135512
Montería	8.75081	-75.87823	CO	490935
Montes Claros	-16.735	-43.86167	BR	414240
Montevideo	-34.90328	-56.18816	UY	1270737
Montgomery	32.36681	-86.29997	US	195287
Montpellier	43.61093	3.87635	FR	248252
Montreuil	48.86415	2.44322	FR	111240
Montréal	45.50884	-73.58781	CA	1762949
Monywa	22.10856	95.13583	MM	182011
Monza	45.58005	9.27246	IT	124398
Mopti	14.4843	-4.18296	ML	186187
Moratalaz	40.40742	-3.64935	ES	104923
Moratuwa	6.773	79.8816	LK	168280
Morelia	19.70078	-101.18443	MX	743275
Morena	26.49892	77.99534	IN	200482
Moreno	-34.63401	-58.79138	AR	148290
Moreno Valley	33.93752	-117.23059	US	204198
Moriguchi	34.73333	135.56667	JP	143096
Morioka	39.7	141.15	JP	290700
Mormugao	15.38914	73.81491	IN	102345
Moro	26.66317	68.00016	PK	142685
Morogoro	-6.82102	37.66122	TZ	471409
Morvi	22.81731	70.8377	IN	210451
Morādābād	28.83893	78.77684	IN	721139
Moscow	55.75204	37.61781	RU	10381222
Moshi	-3.35	37.33333	TZ	221733
Mosquera	4.70592	-74.23021	CO	128012
Mossamedes	-15.19611	12.15222	AO	255000
Mossoró	-5.1875	-37.34417	BR	264577
Mostaganem	35.93115	0.08918	DZ	162885
Mostar	43.34333	17.80806	BA	104518
Mosul	36.335	43.11889	IQ	1683000
Mothīhāri	26.64862	84.91656	IN	126158
Motijheel	23.72772	90.41919	BD	202308
Moundou	8.57437	16.07722	TD	196124
Moḩammad Shahr	35.763	50.9171	IR	119418
Mpanda	-6.34379	31.06951	TZ	204338
Mpumalanga	-29.81292	30.63646	ZA	140121
Mthatha	-31.58893	28.78443	ZA	164848
Mtwara	-10.26667	40.18333	TZ	140793
Mu-se	23.99742	97.90109	MM	165022
Muar	2.0442	102.5689	MY	314776
Mubende	0.55849	31.39489	UG	121600
Mubi	10.26858	13.26701	NG	225705
Mudanjiang	44.54804	129.62594	CN	665915
Mueang Nonthaburi	13.86075	100.51477	TH	254375
Mufulira	-12.54982	28.24071	ZM	169136
Mukalla	14.54248	49.12424	YE	594951
Mukim Pulai	1.53333	103.66667	MY	505661
Mukono	0.35333	32.75528	UG	191300
Muktsar	30.47426	74.5166	IN	116747
Mulenvos	-8.86695	13.3344	AO	882014
Mulhouse	47.75205	7.32866	FR	111430
Multan	30.19679	71.47824	PK	2169915
Mulugu	18.191	79.943	IN	297671
Mumbai	19.07283	72.88261	IN	12691836
Munger	25.37459	86.47455	IN	213303
Munich	48.13743	11.57549	DE	1505005
Muntinlupa	14.39028	121.0475	PH	552225
Munūf	30.46597	30.93199	EG	125707
Muratpaşa	36.89157	30.76498	TR	450000
Murcia	37.98704	-1.13004	ES	471982
Murfreesboro	35.84562	-86.39027	US	165430
Muriaé	-21.13056	-42.36639	BR	104108
Muricay	7.8275	123.4782	PH	132094
Muridke	31.80258	74.25772	PK	254291
Murmansk	68.96778	33.09922	RU	295374
Murom	55.56853	42.02388	RU	126931
Murrieta	33.55391	-117.21392	US	109830
Murwāra	23.83776	80.39405	IN	221883
Musaffah	24.35893	54.48267	AE	243341
Musanze	-1.49984	29.63497	RW	153368
Musashino	35.70611	139.55944	JP	150149
Muscat	23.58413	58.40778	OM	797000
Mushin	6.52799	3.35411	NG	199000
Musoma	-1.5	33.8	TZ	164172
Mustafakemalpaşa	40.03815	28.40866	TR	101412
Mustafābād	28.71974	77.26781	IN	127167
Mutare	-18.9707	32.67086	ZW	224802
Muzaffargarh	30.07258	71.19379	PK	235541
Muzaffarnagar	29.47091	77.70332	IN	349706
Muzaffarpur	26.12259	85.39055	IN	354462
Muzaffarābād	34.37002	73.47082	PK	725000
Mwala	-1.35255	37.45482	KE	181896
Mwanza	-2.51667	32.9	TZ	1104521
Mwene	-9.81697	22.87023	CD	295683
Mwene-Ditu	-7.00906	23.45278	CD	189177
Myeik	12.43954	98.60028	MM	173298
Myingyan	21.46002	95.3884	MM	141713
Mykilska Borshchahivka	50.42638	30.37442	UA	127400
Mykolayiv	46.97625	31.99296	UA	470011
Mymensingh	24.75636	90.40646	BD	225126
Mysuru	12.29791	76.63925	IN	920550
Mytishchi	55.91099	37.72964	RU	160542
Mzuzu	-11.46556	34.02071	MW	249564
Málaga	36.72016	-4.42034	ES	592346
Médéa	36.26417	2.75393	DZ	145441
Mérida	20.967	-89.62318	MX	1201000
Mérida	8.57899	-71.16922	VE	300000
Móng Cái	21.52471	107.96619	VN	108553
Móstoles	40.32234	-3.86496	ES	207095
Mönchengladbach	51.18539	6.44172	DE	261742
Möng Yang	21.8478	99.67651	MM	117108
Mülheim	51.43218	6.87967	DE	173050
Münster	51.96236	7.62571	DE	308258
Māler Kotla	30.5309	75.87949	IN	135424
Mīt Ghamr	30.71524	31.2592	EG	153754
Mīāndoāb	36.96667	46.10961	IR	134425
Mīāneh	37.421	47.715	IR	106291
Mỹ Hào	20.91667	106.08333	VN	115608
Mỹ Tho	10.36004	106.35996	VN	270700
N'Djamena	12.10672	15.0444	TD	1359526
N'dalatando	-9.29782	14.91162	AO	161584
NIA Valencia	7.90639	125.09417	PH	223620
Nabatîyé et Tahta	33.37889	35.48389	LB	120000
Naberezhnyye Chelny	55.73718	52.41961	RU	509870
Nablus	32.22111	35.25444	PS	130326
Nacala	-14.56257	40.68538	MZ	239808
Nada	19.52134	109.57895	CN	256652
Nadiād	22.69385	72.86157	IN	225071
Nador	35.16813	-2.93352	MA	176600
Naga	13.61917	123.18139	PH	174931
Naga	10.20898	123.758	PH	138727
Nagahama	35.38333	136.26667	JP	113636
Nagano	36.65	138.18333	JP	372760
Nagaoka	37.45	138.85	JP	266936
Nagaon	26.35	92.66667	IN	121628
Nagapattinam	10.76377	79.84313	IN	102905
Nagar Naluākot	24.15608	90.7728	BD	273000
Nagareyama	35.8563	139.90266	JP	200136
Nagasaki	32.75	129.88333	JP	409118
Nagda	23.45834	75.41759	IN	103501
Nagoya	35.18147	136.90641	JP	2332176
Nagpur	21.14631	79.08491	IN	2405665
Naha	26.213	127.67851	JP	317625
Naihāti	22.89396	88.41521	IN	253221
Nairobi	-1.28333	36.81667	KE	4397073
Naivasha	-0.71383	36.43261	KE	198444
Najaf	32.02594	44.34625	IQ	482576
Najafgarh	28.60922	76.97982	IN	1365000
Najafābād	32.63464	51.36525	IR	235281
Najrān	17.49326	44.12766	SA	505652
Nakano	35.70449	139.66946	JP	344880
Nakhodka	42.8436	132.91831	RU	146920
Nakhon Pathom	13.8196	100.04427	TH	117927
Nakhon Ratchasima	14.97066	102.10196	TH	126391
Nakhon Si Thammarat	8.43333	99.96667	TH	102152
Nakuru	-0.30719	36.07225	KE	570674
Nalchik	43.49806	43.61889	RU	239300
Nalgonda	17.05439	79.26707	IN	154326
Nam Định	20.43389	106.17729	VN	448225
Namangan	40.9983	71.67257	UZ	713220
Nampula	-15.11646	39.2666	MZ	770379
Namp’o	38.7375	125.40778	KP	455000
Namur	50.4669	4.86746	BE	110939
Nanbin	29.9994	108.10913	CN	118597
Nanchang	28.68396	115.85306	CN	2357839
Nanchong	30.79508	106.08473	CN	1858875
Nanchuan	29.15201	107.10335	CN	204775
Nancun	36.53278	120.13389	CN	124210
Nancy	48.68439	6.18496	FR	105058
Nanded	19.16023	77.31497	IN	550564
Nandurbar	21.36671	74.24051	IN	111037
Nandyāl	15.47799	78.4836	IN	211424
Nanjin	29.98497	106.26529	CN	143766
Nanjing	32.06167	118.77778	CN	9314685
Nankana Sahib	31.4501	73.70653	PK	130041
Nanning	22.81667	108.31667	CN	3839800
Nanpiao	41.09822	120.74792	CN	157044
Nanping	26.645	118.17361	CN	467875
Nanqiao	30.91611	121.44944	CN	361185
Nansana	0.36389	32.52861	UG	532800
Nantes	47.21725	-1.55336	FR	325070
Nantong	32.03028	120.87472	CN	2273326
Nantou	22.72171	113.29261	CN	130370
Nantou	23.91566	120.66387	TW	105682
Nanyang	33.00524	112.54659	CN	1811812
Naperville	41.78586	-88.14729	US	147100
Naples	40.85216	14.26811	IT	909048
Nara-shi	34.68505	135.80485	JP	367353
Narasaraopet	16.23488	80.04927	IN	117489
Narashino	35.68184	140.04152	JP	176197
Narayanganj	23.61352	90.50298	BD	223622
Narela	28.85267	77.09288	IN	800000
Narita	35.78333	140.31667	JP	132906
Narmadapuram	22.74747	77.72736	IN	117988
Narowal	32.10197	74.87303	PK	130692
Narsingdi	23.92298	90.71768	BD	281080
Nashik	19.99727	73.79096	IN	1486053
Nashville	36.16589	-86.78444	US	689447
Nasimshahr	35.56528	51.1583	IR	200393
Nasiriyah	31.05799	46.25726	IQ	558400
Nassau	25.05823	-77.34306	BS	227940
Nasushiobara	36.97682	140.06642	JP	115794
Nasīm Shahr	35.56504	51.16332	IR	200393
Natal	-5.795	-35.20944	BR	896708
Natore	24.41112	88.98673	BD	369138
Naucalpan de Juárez	19.47851	-99.23963	MX	834434
Navadwīp	23.4067	88.36861	IN	111123
Navegantes	-12.58997	13.39123	AO	240075
Navi Mumbai	19.03681	73.01582	IN	2600000
Navoiy	40.08444	65.37917	UZ	144158
Navojoa	27.07057	-109.44345	MX	113836
Navotas	14.66667	120.95	PH	249463
Navsari	20.94237	72.92467	IN	171109
Nawabshah	26.23939	68.40369	PK	363138
Nawābganj	24.59025	88.27444	BD	142361
Nay Pyi Taw	19.745	96.12972	MM	925000
Nazilli	37.91631	28.32225	TR	119370
Nazran	43.22597	44.77323	RU	164131
Nazrēt	8.55	39.26667	ET	456900
Naz̧arābād	35.95411	50.60607	IR	213388
Ndola	-12.95867	28.63659	ZM	627503
Neftekamsk	56.08879	54.26383	RU	126805
Nefteyugansk	61.09979	72.60349	RU	112632
Negara	-8.35694	114.61694	ID	100074
Negombo	7.2083	79.8358	LK	137223
Nehe	48.4793	124.87016	CN	108253
Neihu	25.0815	121.58809	TW	274538
Neijiang	29.58354	105.06216	CN	1251095
Neili	24.9725	121.26139	TW	112845
Neiva	2.93001	-75.27973	CO	357392
Nek’emtē	9.08333	36.55	ET	156000
Nellore	14.44992	79.98697	IN	547621
Nepalgunj	28.05	81.61667	NP	166258
Nepean	45.33619	-75.7225	CA	180000
Netanya	32.33291	34.85992	IL	228204
Neue Neustadt	52.15	11.63333	DE	226851
Neukölln	52.47719	13.43126	DE	164636
Neuquén	-38.95078	-68.0592	AR	231198
Neuss	51.19807	6.68504	DE	152457
Nevinnomyssk	44.6333	41.9444	RU	134345
New Bedford	41.63526	-70.92701	US	101079
New Cairo	30.03	31.47	EG	313139
New Delhi	28.62137	77.2148	IN	317797
New Haven	41.30815	-72.92816	US	130322
New Kingston	18.00747	-76.78319	JM	583958
New Mirpur City	33.14782	73.75187	PK	124352
New Orleans	29.95465	-90.07507	US	362701
New South Memphis	35.08676	-90.05676	US	641608
New Taipei City	25.06199	121.45703	TW	4004367
New Territories	22.42441	114.11095	HK	3984077
New York City	40.71427	-74.00597	US	8804190
Newark	40.73566	-74.17237	US	281944
Newcastle	-32.92953	151.7801	AU	508437
Newcastle	-27.75796	29.9318	ZA	404838
Newcastle under Lyme	53.0	-2.23333	GB	127727
Newcastle upon Tyne	54.97328	-1.61396	GB	300125
Newport	51.58774	-2.99835	GB	161506
Newport News	36.98038	-76.42975	US	186247
Newton	49.13333	-122.85	CA	159390
Neyagawa	34.76615	135.62759	JP	238549
Neyshābūr	36.21329	58.79575	IR	220929
Neyveli	11.60877	79.4994	IN	179150
Ngaoundéré	7.32765	13.58472	CM	238196
Nghi Sơn	19.32746	105.82145	VN	302210
Nghi Xuân	18.658	105.752	VN	118000
Ngong	-1.3527	36.6699	KE	102323
Nguru	12.87695	10.45536	NG	111014
Ngã Bảy	9.81371	105.82096	VN	101192
Nha Trang	12.24507	109.19432	VN	579000
Niamey	13.51366	2.1098	NE	1323691
Nianbo	36.48	102.41639	CN	260184
Nice	43.70313	7.26608	FR	342669
Nicolás Romero	19.64177	-99.3068	MX	281799
Nicosia	35.17284	33.35397	CY	200452
Nigel	-26.43138	28.47713	ZA	140644
Niigata	37.92259	139.04125	JP	797591
Niihama	33.96047	133.30522	JP	123059
Niiza	35.82088	139.55791	JP	166017
Nijmegen	51.8425	5.85278	NL	177359
Nikopol	47.56826	34.39126	UA	105160
Nilópolis	-22.8075	-43.41389	BR	147281
Nilüfer	40.21401	28.91567	TR	536365
Nimach	24.45949	74.86625	IN	128561
Ningbo	29.87819	121.54945	CN	3731203
Ningde	26.66167	119.52278	CN	429260
Ning’er	23.04053	101.03683	CN	162711
Ninh Hòa	12.49187	109.12495	VN	230566
Nippes	50.96545	6.95314	DE	113487
Nishi-Tokyo-shi	35.72526	139.5383	JP	207388
Nishinomiya	34.71562	135.33199	JP	485587
Nishio	34.86667	137.05	JP	169984
Niterói	-22.88333	-43.10361	BR	456456
Nizhnekamsk	55.63794	51.81502	RU	234297
Nizhnevartovsk	60.9344	76.5531	RU	244937
Nizhniy Novgorod	56.32867	44.00205	RU	1259013
Nizhny Tagil	57.91944	59.965	RU	381116
Nizāmābād	18.67154	78.0988	IN	311152
Niš	43.32472	21.90333	RS	250000
Njeru	0.44166	33.17917	UG	178800
Nkayi	-4.18396	13.2859	CG	103000
Nkongsamba	4.9547	9.9404	CM	162309
Nkpor	6.15038	6.83042	NG	103733
Nnewi	6.01962	6.91729	NG	193987
Nobeoka	32.58333	131.66667	JP	119521
Noda	35.94897	139.86793	JP	154114
Nogales	31.30862	-110.94217	MX	264782
Noginsk	55.86486	38.44853	RU	115979
Noida	28.58	77.33	IN	293908
Nong Chok	13.85585	100.86216	TH	157138
Nong Khaem	13.70594	100.34918	TH	150218
Nor Nork	40.19661	44.5669	AM	137300
Norfolk	36.84681	-76.28522	US	238005
Norilsk	69.3535	88.2027	RU	140800
Norman	35.22257	-97.43948	US	128026
North Charleston	32.85462	-79.97481	US	108304
North Las Vegas	36.19886	-115.1175	US	234807
North Peoria	40.71754	-89.58426	US	113004
North Shore	-36.8	174.75	NZ	258697
North Stamford	41.13815	-73.54346	US	121230
Northampton	52.25	-0.88333	GB	245899
Norwalk	33.90224	-118.08173	US	107140
Norwich	52.62783	1.29834	GB	143135
Norzagaray	14.9109	121.0493	PH	140697
Nossa Senhora de Fátima	22.20769	113.54831	CN	126000
Nossa Senhora do Socorro	-10.855	-37.12611	BR	192330
Nottingham	52.9536	-1.15047	GB	323632
Nou Barris	41.44163	2.17727	ES	166310
Nouadhibou	20.94188	-17.03842	MR	146048
Nouakchott	18.08581	-15.9785	MR	1184530
Nova Friburgo	-22.28194	-42.53111	BR	191158
Nova Iguaçu	-22.75917	-43.45111	BR	843046
Nova Lima	-19.98556	-43.84667	BR	111697
Nova Serrana	-19.87611	-44.98361	BR	105552
Nova Vida	-8.90552	13.22213	AO	464985
Novara	45.44694	8.62118	IT	101916
Novi Sad	45.25167	19.83694	RS	215400
Novo Gama	-16.05917	-48.03944	BR	103804
Novo Hamburgo	-29.67833	-51.13056	BR	253841
Novo-Peredelkino	55.64528	37.33583	RU	115536
Novocheboksarsk	56.11095	47.47755	RU	128468
Novocherkassk	47.4222	40.09373	RU	166974
Novokuybyshevsk	53.09709	49.94001	RU	111800
Novokuznetsk	53.75752	87.13599	RU	539616
Novomoskovsk	54.01098	38.29084	RU	130982
Novorossiysk	44.73188	37.76176	RU	241856
Novosibirsk	55.02259	82.93175	RU	1612833
Novotroitsk	51.20099	58.31318	RU	106186
Novozavodskyi	51.4893	31.25634	UA	179600
Novyye Cherëmushki	55.7	37.58333	RU	101000
Novyye Kuz’minki	55.7	37.75	RU	143000
Nowrangapur	19.23114	82.54826	IN	1220946
Noyabrsk	63.19309	75.43728	RU	110000
Nsukka	6.85783	7.39577	NG	111017
Ntuzuma	-29.739	30.949	ZA	125394
Nuevo Laredo	27.47629	-99.51639	MX	416055
Nukus	42.45861	59.60576	UZ	332500
Numazu	35.1	138.86667	JP	189486
Nuremberg	49.45421	11.07752	DE	515543
Nyagatare	-1.2952	30.3226	RW	100000
Nyala	12.04888	24.88069	SD	565734
Nyingchi	29.64885	94.35509	CN	200000
Nyzhnodniprovsk	48.47546	35.1167	UA	160123
Nyíregyháza	47.95539	21.71671	HU	117689
Nzega	-4.21667	33.18333	TZ	125193
Nzérékoré	7.75624	-8.8179	GN	226426
Nîmes	43.83665	4.35788	FR	148236
Nāgarpur	24.05783	89.87696	BD	238422
Nāgaur	27.20201	73.73394	IN	105218
Nāgercoil	8.17899	77.43227	IN	224849
Nāngloi Jāt	28.67957	77.06799	IN	205596
Nāḩiyat al Iskandarīyah	32.8873	44.34619	IQ	100600
Oakland	37.80437	-122.2708	US	419267
Oakville	43.45011	-79.68292	CA	213759
Oaxaca	17.06025	-96.72544	MX	255029
Obalende	6.44694	3.41528	NG	342000
Oberhausen	51.47805	6.8625	DE	219176
Obihiro	42.91722	143.20444	JP	166536
Obninsk	55.10993	36.61238	RU	107392
Obolon	50.5132	30.5055	UA	239500
Obuase	6.20228	-1.66796	GH	179604
Ocaña	8.23773	-73.35604	CO	101158
Oceanside	33.19587	-117.37948	US	175691
Ochakovo-Matveyevskoye	55.68432	37.44654	RU	114000
Ocumare del Tuy	10.1182	-66.77513	VE	166072
Odawara	35.25556	139.15972	JP	188856
Odense	55.39594	10.38831	DK	180863
Odesa	46.48572	30.74383	UA	1010537
Odessa	31.84568	-102.36764	US	114428
Odintsovo	55.66977	37.27716	RU	137041
Offa	8.14911	4.72074	NG	113830
Offenbach	50.10061	8.76647	DE	119192
Ogbomoso	8.13373	4.24014	NG	433030
Ojo de Agua	19.68028	-99.01	MX	386290
Okara	30.81029	73.45155	PK	533693
Okayama	34.65	133.93333	JP	724691
Okazaki	34.95	137.16667	JP	384654
Okene	7.55122	6.23589	NG	479178
Okigwe	5.82917	7.35056	NG	115499
Okinawa	26.33583	127.80139	JP	142752
Oklahoma City	35.46756	-97.51643	US	681054
Okrika	4.74215	7.08368	NG	133271
Oktyabrsky	54.48147	53.47103	RU	108200
Olanchito	15.48131	-86.57415	HN	124286
Olathe	38.8814	-94.81913	US	134305
Oldenburg	53.14039	8.21479	DE	159218
Oldham	53.54051	-2.1183	GB	237110
Oleksandrivskyi	47.96788	37.80335	UA	100330
Oleksiyivka	50.04516	36.19322	UA	100500
Olinda	-8.00889	-34.85528	BR	366754
Olmaliq	40.84472	69.59833	UZ	133400
Olongapo	14.82917	120.28278	PH	221178
Olsztyn	53.78376	20.49272	PL	169793
Omaha	41.25626	-95.94043	US	486051
Omdurman	15.64453	32.47773	SD	1849659
Omsk	54.99244	73.36859	RU	1172070
Ondjiva	-17.06667	15.73333	AO	121537
Ondo	7.09316	4.83528	NG	375000
Ongata Rongai	-1.3953	36.764	KE	172569
Ongole	15.50357	80.04454	IN	208344
Onitsha	6.14978	6.78569	NG	1553000
Onomichi	34.41667	133.2	JP	131170
Ontario	34.06334	-117.65089	US	171214
Ooty	11.4134	76.69521	IN	233426
Opole	50.67119	17.92604	PL	127676
Oradea	47.0458	21.91833	RO	183105
Orai	25.99023	79.45334	IN	158265
Oral	51.24601	51.42558	KZ	330000
Oran	35.69906	-0.63588	DZ	803329
Orange	33.78779	-117.85311	US	140992
Ordos	39.6086	109.78157	CN	1940653
Ordu	40.97782	37.89047	TR	229214
Orekhovo-Borisovo	55.61252	37.72639	RU	144000
Orekhovo-Borisovo Severnoye	55.61667	37.68333	RU	128000
Orekhovo-Zuyevo	55.81242	38.99155	RU	120000
Orenburg	51.76712	55.09883	RU	564773
Orihuela	38.08483	-0.94401	ES	101321
Orizaba	18.85195	-97.09957	MX	123182
Orkney	-26.98023	26.67272	ZA	110052
Orlando	28.53834	-81.37924	US	334854
Orléans	45.45732	-75.50433	CA	125937
Orléans	47.90248	1.90407	FR	116344
Ormoc	11.00639	124.6075	PH	238545
Orsha	54.51362	30.40365	BY	101662
Orsk	51.23206	58.48802	RU	246836
Oruro	-17.97153	-67.0932	BO	208684
Orël	52.96879	36.0791	RU	303696
Orūmīyeh	37.55274	45.07605	IR	577307
Osaka	34.69379	135.50107	JP	2753862
Osan	37.15222	127.07056	KR	238788
Osasco	-23.5325	-46.79167	BR	728615
Osh	40.52828	72.7985	KG	322164
Oshawa	43.90012	-78.84957	CA	175383
Oshodi	6.55504	3.34363	NG	170870
Oslo	59.91273	10.74609	NO	1082575
Osmaniye	37.07417	36.24778	TR	202837
Osnabrück	52.27264	8.0498	DE	166462
Osogbo	7.77104	4.55698	NG	645000
Osorno	-40.57395	-73.13348	CL	135773
Ostrava	49.83465	18.28204	CZ	279791
Ota	6.68867	3.23202	NG	251546
Otaru	43.18944	141.00222	JP	115333
Ottakring	48.21667	16.3	AT	104627
Ottawa	45.41117	-75.69812	CA	1017449
Ottawa South	45.3921	-75.68725	CA	125090
Ouagadougou	12.36566	-1.53388	BF	2415266
Ouahigouya	13.5769	-2.41786	BF	124587
Ouargla	31.94932	5.32502	DZ	169928
Oued Zem	32.8627	-6.57359	MA	104029
Oujda	34.68139	-1.90858	MA	539711
Oulu	65.01236	25.46816	FI	216066
Ourense	42.33669	-7.86407	ES	105233
Ourinhos	-22.97889	-49.87056	BR	103970
Overland Park	38.98223	-94.67079	US	186515
Oviedo	43.36029	-5.84476	ES	220027
Owerri	5.48363	7.03325	NG	545000
Owo	7.1962	5.58681	NG	276574
Oxford	51.75222	-1.25596	GB	162100
Oxnard	34.1975	-119.17705	US	207254
Oyama	36.3	139.8	JP	167647
Oyo	7.85367	3.93235	NG	736072
Paarl	-33.73378	18.97523	ZA	236910
Pachuca de Soto	20.11697	-98.73329	MX	256584
Padalarang	-6.83778	107.47278	ID	193114
Padang	-0.94924	100.35427	ID	942938
Padangsidempuan	1.37952	99.27146	ID	243843
Paderborn	51.71905	8.75439	DE	142161
Padua	45.40797	11.88586	IT	203725
Paech’ŏn-ŭp	37.99306	126.30139	KP	159825
Paek'ak	39.46275	125.60594	KP	125924
Pagadian	7.8257	123.437	PH	206483
Pailou	30.79641	108.3858	CN	104351
Pak Kret	13.91179	100.49774	TH	190272
Pakokku	21.33489	95.08438	MM	126938
Pakpattan	30.34314	73.38944	PK	126706
Palakkad	10.77319	76.65366	IN	132728
Palangkaraya	-2.20833	113.91667	ID	318247
Palembang	-2.91673	104.7458	ID	1801367
Palermo	38.1166	13.3636	IT	648260
Palhoça	-27.64528	-48.66778	BR	175272
Pallabi	23.825	90.37	BD	597574
Pallāvaram	12.96796	80.15025	IN	233984
Palm Bay	28.03446	-80.58866	US	119760
Palma	39.56939	2.65024	ES	438234
Palma Soriano	20.21149	-75.99438	CU	102826
Palmas	-10.16745	-48.32766	BR	306296
Palmdale	34.57943	-118.11646	US	158351
Palmira	3.53944	-76.30361	CO	312519
Palo Negro	10.17389	-67.54194	VE	128875
Palopo	-2.9925	120.19694	ID	184961
Paltan	23.73625	90.41426	BD	184492
Palu	-0.90833	119.87083	ID	389959
Palwal	28.14469	77.32546	IN	131926
Pamanukan	-6.28417	107.81056	ID	114290
Pamplona	42.81687	-1.64323	ES	208243
Pamulang	-6.34278	106.73833	ID	174557
Panabo	7.30806	125.68417	PH	211242
Panalanoy	11.25111	125.00639	PH	189090
Panama City	8.9936	-79.51973	PA	408168
Panchkula	30.69461	76.8504	IN	211355
Pandi	14.865	120.95722	PH	162725
Pandit Deen Dayal Upadhyaya Nagar	25.28307	83.11968	IN	109650
Pangkalanbuun	-2.6832	111.6259	ID	108814
Pangkalpinang	-2.12914	106.11377	ID	226297
Panguíla	-8.69335	13.44914	AO	158068
Panipat	29.38747	76.96825	IN	295970
Paniqui	15.6689	120.5806	PH	106190
Panjin	41.121	122.0739	CN	1166481
Pano Aqil	27.85619	69.11111	PK	102701
Panshan	41.18806	122.04944	CN	625040
Panvel	18.98878	73.11013	IN	195373
Panzhihua	26.58509	101.71276	CN	787177
Paradise	36.09719	-115.14666	US	223167
Paragominas	-2.99565	-47.35488	BR	105550
Parakou	9.33716	2.63031	BJ	255478
Paramaribo	5.86638	-55.16682	SR	223757
Paranaguá	-25.51626	-48.52537	BR	141013
Paranaque City	14.48156	121.01749	PH	703245
Paraná	-31.73271	-60.52897	AR	247139
Parauapebas	-6.0675	-49.90222	BR	267836
Parbhani	19.26855	76.77081	IN	307170
Pardīs	35.74687	51.81222	IR	114249
Pare	-7.7679	112.198	ID	106007
Parelheiros	-23.8275	-46.72694	BR	153695
Parepare	-4.0135	119.6255	ID	160309
Parintins	-2.62833	-56.73583	BR	101956
Paris	48.85341	2.3488	FR	2138551
Paris 11 Popincourt	48.8574	2.3795	FR	138170
Paris 11e Arrondissement	48.85834	2.37952	FR	144292
Paris 12 Reuilly	48.8412	2.3876	FR	138024
Paris 12e Arrondissement	48.83523	2.43505	FR	140311
Paris 13 Gobelins	48.8322	2.3561	FR	181271
Paris 13e Arrondissement	48.8262	2.35986	FR	177833
Paris 14 Observatoire	48.8331	2.3264	FR	136455
Paris 15 Vaugirard	48.8412	2.3003	FR	229713
Paris 16 Passy	48.8637	2.2769	FR	159386
Paris 17 Batignolles-Monceau	48.8835	2.3219	FR	159212
Paris 18 Buttes-Montmartre	48.8925	2.3444	FR	183127
Paris 19 Buttes-Chaumont	48.8817	2.3822	FR	178691
Paris 20 Ménilmontant	48.8646	2.3984	FR	185140
Parla	40.23604	-3.76752	ES	115611
Parma	44.79935	10.32618	IT	198292
Parnamirim	-5.91556	-35.26278	BR	271713
Parnaíba	-2.90472	-41.77667	BR	138008
Parung	-6.42139	106.73306	ID	128905
Pasadena	29.69106	-95.2091	US	153784
Pasadena	34.14778	-118.14452	US	142250
Pasarkemis	-6.17028	106.53028	ID	263289
Pasay	14.53748	121.00144	PH	416522
Paseh	-7.068	107.794	ID	126181
Pasig City	14.58691	121.0614	PH	853050
Pasir Gudang	1.462	103.9053	MY	534659
Pasir Mas	6.04934	102.13987	MY	230424
Pasir Puteh	5.83333	102.4	MY	137400
Pasrur	32.26286	74.66327	PK	102717
Passo Fundo	-28.26278	-52.40667	BR	179529
Passos	-20.71889	-46.60972	BR	111939
Pasto	1.21456	-77.27846	CO	392930
Pasuruan	-7.6453	112.9075	ID	213469
Paterson	40.91677	-74.17181	US	147754
Pathein	16.77919	94.73212	MM	237089
Pathānkot	32.27484	75.65287	IN	174306
Pati	-6.7559	111.038	ID	107028
Patiāla	30.33625	76.3922	IN	446246
Patna	25.59408	85.13563	IN	1684297
Patos de Minas	-18.57889	-46.51806	BR	159235
Pattaya	12.93333	100.88333	TH	116417
Pattoki	31.02021	73.85333	PK	113735
Paulista	-7.94083	-34.87306	BR	342167
Paulo Afonso	-9.40611	-38.21472	BR	112870
Paulínia	-22.76111	-47.15417	BR	110537
Pavlodar	52.27601	76.96881	KZ	329002
Pavlohrad	48.53214	35.86878	UA	101430
Paya Terubong	5.37278	100.27972	MY	226712
Payakumbuh	-0.2159	100.6334	ID	139576
Paço do Lumiar	-2.53222	-44.1075	BR	145643
Pearland	29.56357	-95.28605	US	108821
Pechersk	50.44441	30.52348	UA	100900
Pedreira	-23.70675	-46.64982	BR	163586
Peicheng	34.73611	116.92472	CN	195363
Pekalongan	-6.8886	109.6753	ID	324564
Pekanbaru	0.51667	101.44167	ID	1167599
Pelabuhanratu	-6.9875	106.55139	ID	109523
Pelentong	1.5243	103.824	MY	583640
Pelotas	-31.76997	-52.34101	BR	320674
Pemalang	-6.89193	109.38263	ID	184149
Pematangsiantar	2.9595	99.0687	ID	279198
Pemba	-12.97395	40.51775	MZ	232932
Pembroke Pines	26.00315	-80.22394	US	166611
Pengpu	31.2855	121.4367	CN	152725
Pengze	29.89885	116.54572	CN	350000
Penza	53.19568	45.01075	RU	523553
Peoria	40.69365	-89.58899	US	115070
Peoria	33.5806	-112.23738	US	190985
Perbaungan	3.5679	98.956	ID	157174
Percut	3.6253	98.864	ID	311063
Perdizes	-23.53872	-46.68093	BR	102391
Pereira	4.81428	-75.69488	CO	467269
Peristéri	38.01539	23.69187	GR	139981
Perling	1.48061	103.68381	MY	101263
Perm	58.01046	56.25017	RU	982419
Perpignan	42.69764	2.89541	FR	110706
Perth	-31.95224	115.8614	AU	2384371
Perugia	43.1122	12.38878	IT	120137
Pervouralsk	56.90528	59.94361	RU	133600
Pescara	42.4584	14.20283	IT	119554
Peshawar	34.008	71.57849	PK	4758762
Pest	47.5	19.08333	HU	1001748
Petaling Jaya	3.10726	101.60671	MY	807879
Petapa	14.50189	-90.56196	GT	135447
Petare	10.47679	-66.80786	VE	364684
Petaẖ Tiqva	32.08707	34.88747	IL	253529
Peterborough	52.57364	-0.24777	GB	163379
Petrogradka	59.96567	30.31154	RU	130455
Petrolina	-9.39861	-40.50083	BR	386791
Petropavl	54.87343	69.15065	KZ	200920
Petropavlovsk-Kamchatsky	53.06393	158.62751	RU	181216
Petrozavodsk	61.78491	34.34691	RU	279190
Petrópolis	-22.505	-43.17861	BR	272691
Petržalka	48.12331	17.12866	SK	112380
Peñalolén	-33.46836	-70.53411	CL	241599
Pforzheim	48.88436	8.69892	DE	119313
Phagwāra	31.22452	75.77387	IN	100146
Phalaborwa	-23.94299	31.14107	ZA	109468
Phan Rang-Tháp Chàm	11.56432	108.98858	VN	207998
Phan Thiết	10.92889	108.10208	VN	228536
Phasi Charoen	13.71466	100.43691	TH	122070
Philadelphia	39.95238	-75.16362	US	1573916
Phnom Penh	11.56245	104.91601	KH	1573544
Phoenix	33.44838	-112.07404	US	1650070
Phong Điền	16.58321	107.36438	VN	114820
Phool Nagar	31.2024	73.94857	PK	114530
Phra Pradaeng	13.65855	100.53362	TH	196129
Phu Quoc	10.22409	103.97156	VN	294419
Phusro	23.75644	86.0051	IN	185555
Phú Mỹ	10.63333	107.06667	VN	287055
Phú Quốc	10.28715	104.01047	VN	179480
Phúc Yên	21.23695	105.70483	VN	180000
Phổ Yên	21.41978	105.8899	VN	231363
Phủ Lý	20.54531	105.91221	VN	136654
Piacenza	45.05242	9.69342	IT	103607
Piatra Neamţ	46.91667	26.33333	RO	102688
Piedecuesta	6.98789	-73.04953	CO	163362
Piedras Negras	28.70007	-100.52353	MX	150178
Pietermaritzburg	-29.61679	30.39278	ZA	839327
Pikine	14.76457	-17.39071	SN	1170791
Pilsen	49.74747	13.37759	CZ	168733
Pimpri	18.62292	73.80696	IN	1284606
Pimpri-Chinchwad	18.61867	73.80375	IN	1727692
Pinar del Río	22.41649	-83.69657	CU	186990
Pindamonhangaba	-22.92389	-45.46167	BR	165428
Pindi Bhattian	31.89844	73.27339	PK	493222
Pindiga	9.98433	10.95229	NG	106322
Pinetown	-29.82068	30.88674	ZA	144026
Pingdingshan	33.73091	113.31554	CN	979130
Pingdu	36.78444	119.94639	CN	542234
Pingliang	35.53917	106.68611	CN	504848
Pingshan	22.99376	114.71311	CN	113631
Pingwu County	32.40732	104.52738	CN	180000
Pingxiang	27.61672	113.85353	CN	893550
Pingxiang	22.09694	106.75667	CN	129843
Pinhais	-25.44472	-49.1925	BR	117000
Pinsk	52.12153	26.06726	BY	123283
Piracicaba	-22.72528	-47.64917	BR	407252
Piraeus	37.94203	23.64619	GR	163688
Piranshahr	36.701	45.1413	IR	168393
Piraquara	-25.44227	-49.06795	BR	118730
Pirituba	-23.48982	-46.7322	BR	179724
Pisa	43.70853	10.4036	IT	109960
Pita Kotte	6.8905	79.9015	LK	118179
Pitalito	1.85371	-76.05071	CO	135711
Piteşti	44.85	24.86667	RO	141275
Pithampur	22.60197	75.69649	IN	126200
Pittsburgh	40.44062	-79.99589	US	304391
Piura	-5.18192	-80.65715	PE	630000
Pizhou	34.31139	117.95028	CN	343421
Planaltina	-15.45278	-47.61417	BR	105031
Planaltina	-15.61791	-47.64874	BR	189412
Plano	33.01984	-96.69889	US	283558
Plano Piloto	-15.79411	-47.8825	BR	198697
Plaridel	14.88722	120.85722	PH	120939
Playa del Carmen	20.6274	-87.07987	MX	149923
Plaza de la Revolución	23.11936	-82.39197	CU	139135
Pleiku	13.98333	108.0	VN	114225
Ploieşti	44.95	26.01667	RO	180540
Plovdiv	42.15387	24.75001	BG	329489
Plumbon	-6.705	108.47278	ID	167105
Plymouth	50.37153	-4.14305	GB	260203
Poblacion	14.3787	121.025	PH	124554
Podgorica	42.44124	19.26309	ME	236852
Podolsk	55.42419	37.55472	RU	179400
Pohang	36.02917	129.36481	KR	492041
Pointe-Noire	-4.77609	11.86352	CG	1032000
Pokhara	28.26689	83.96851	NP	600051
Polokwane	-23.90449	29.46885	ZA	272461
Poltava	49.58925	34.55367	UA	279593
Pomona	34.05529	-117.75228	US	153266
Pompano Beach	26.23786	-80.12477	US	107762
Ponce	18.01031	-66.62398	PR	137491
Ponnāni	10.76695	75.92523	IN	105512
Ponta Grossa	-25.095	-50.16194	BR	292177
Pontianak	-0.03194	109.325	ID	686019
Poole	50.71429	-1.98458	GB	151500
Popayán	2.43823	-76.61316	CO	318059
Porbandar	21.64219	69.60929	IN	152760
Porlamar	10.95771	-63.86971	VE	216234
Port Blair	11.66613	92.74635	IN	112050
Port Dickson	2.52462	101.79651	MY	119300
Port Harcourt	4.77742	7.0134	NG	2120000
Port Louis	-20.16194	57.49889	MU	155226
Port Moresby	-9.47723	147.15089	PG	283733
Port Said	31.26531	32.3019	EG	780515
Port Saint Lucie	27.29393	-80.35033	US	164603
Port Sudan	19.61745	37.21644	SD	489725
Port-Gentil	-0.71933	8.78151	GA	164018
Port-au-Prince	18.54349	-72.33881	HT	1234742
Port-de-Paix	19.93984	-72.83037	HT	306217
Portland	45.52345	-122.67621	US	652503
Portmore	17.97102	-76.88691	JM	102861
Porto	41.1485	-8.61097	PT	252687
Porto Alegre	-30.03283	-51.23019	BR	1488252
Porto Seguro	-16.44972	-39.06472	BR	168326
Porto Velho	-8.76194	-63.90389	BR	548952
Porto-Novo	6.49646	2.60359	BJ	264320
Portoviejo	-1.05764	-80.45145	EC	321800
Portsmouth	50.79899	-1.09125	GB	208100
Porz am Rhein	50.88637	7.0583	DE	113415
Posadas	-27.39184	-55.92379	AR	305874
Potchefstroom	-26.71667	27.1	ZA	178285
Potosí	-19.58361	-65.75306	BO	141251
Potsdam	52.39886	13.06566	DE	184754
Pouso Alegre	-22.23	-45.93639	BR	152217
Poza Rica de Hidalgo	20.53315	-97.45946	MX	185242
Poznań	52.40692	16.92993	PL	536151
Pozniaky	50.40259	30.62352	UA	104400
Poá	-23.52806	-46.34472	BR	103765
Poços de Caldas	-21.78778	-46.56139	BR	168641
Prabumulih	-3.43447	104.23056	ID	103470
Praga Południe	52.24424	21.08545	PL	179836
Prague	50.08804	14.42076	CZ	1165581
Praia	14.93152	-23.51254	CV	137868
Praia Grande	-24.00583	-46.40278	BR	349935
Prato	43.8805	11.09699	IT	195089
Pravyi Bereh	47.11498	37.58519	UA	352088
Prayagraj	25.44478	81.84322	IN	1073438
Prenzlauer Berg	52.53878	13.42443	DE	148878
Presidente Prudente	-22.12556	-51.38889	BR	225668
Presnenskiy	55.75894	37.55816	RU	122000
Preston	53.76282	-2.70452	GB	313332
Pretoria	-25.74486	28.18783	ZA	2112693
Pristina	42.67272	21.16688	XK	550000
Prizren	42.21389	20.73972	XK	171464
Probolinggo	-7.7543	113.2159	ID	243746
Proddatūr	14.7502	78.54813	IN	177797
Prokop’yevsk	53.91518	86.71891	RU	219000
Providence	41.82399	-71.41283	US	190934
Provo	40.23384	-111.65853	US	115162
Pskov	57.81922	28.33181	RU	210501
Pu'er	22.78863	100.97481	CN	296565
Pucallpa	-8.37915	-74.55387	PE	326040
Puchong	3.0	101.61667	MY	375181
Pudong	31.23995	121.50094	CN	5681512
Puducherry	11.93381	79.82979	IN	657209
Pudukkottai	10.38128	78.82141	IN	117630
Puebla	19.04778	-98.20723	MX	1692181
Pueblo	38.25445	-104.60914	US	109412
Puente Alto	-33.61169	-70.57577	CL	568106
Puente de Vallecas	40.39354	-3.662	ES	244151
Puerto Ayacucho	5.66049	-67.58343	VE	125840
Puerto Barrios	15.72724	-88.59787	GT	100593
Puerto Cabello	10.47306	-68.0125	VE	174000
Puerto Cortez	15.82562	-87.92968	HN	142311
Puerto La Cruz	10.21382	-64.6328	VE	370000
Puerto Montt	-41.4693	-72.94237	CL	245902
Puerto Plata	19.79344	-70.6884	DO	146000
Puerto Princesa	9.73917	118.73528	PH	222673
Puerto Vallarta	20.617	-105.23018	MX	224166
Pulandian	39.39528	121.96694	CN	104277
Pulilan	14.90167	120.84917	PH	111384
Pulong Santa Cruz	14.27324	121.07643	PH	126844
Pune	18.51957	73.85535	IN	3124458
Punggol	1.41444	103.90694	SG	204150
Puning	23.31072	116.16869	CN	874954
Puno	-15.84003	-70.02198	PE	128637
Punta Arenas	-53.16282	-70.90922	CL	117430
Punta Cana	18.58182	-68.40431	DO	100023
Punta Cardón	11.65806	-70.215	VE	113999
Punto Fijo	11.69152	-70.19918	VE	141729
Punāsa	22.23507	76.39335	IN	350000
Puqi	29.71667	113.88333	CN	132891
Puri	19.79825	85.82494	IN	200564
Purnia	25.77895	87.47422	IN	282248
Puruliya	23.33062	86.36303	IN	122533
Purwakarta	-6.55694	107.44333	ID	179233
Purwodadi	-7.0868	110.9158	ID	139387
Purwokerto	-7.42139	109.23444	ID	230235
Pushkino	55.99456	37.82897	RU	102816
Putatan	14.39861	121.05028	PH	102146
Puthia	24.36537	88.83431	BD	159406
Putian	25.43944	119.01028	CN	1539389
Putuo	31.251	121.3897	CN	1239100
Puxi	31.24414	121.46592	CN	6683712
Puyang	29.45679	119.88872	CN	3590000
Puyang	35.75641	115.04363	CN	655674
Puyang Chengguanzhen	35.70622	115.0279	CN	104994
Pyatigorsk	44.05	43.05036	RU	142865
Pyay	18.81996	95.21562	MM	135308
Pyeongtaek	36.99472	127.08889	KR	364694
Pyin Oo Lwin	22.03501	96.45683	MM	117303
Pyongyang	39.03385	125.75432	KP	3222000
Pátra	38.2462	21.73508	GR	168034
Pécs	46.07617	18.22814	HU	145347
Pétionville	18.5125	-72.28528	HT	376834
Pôr do Sol	-15.85502	-48.12433	BR	101866
Pābna	24.00644	89.2372	BD	186781
Pākdasht	35.47854	51.6834	IR	236319
Pālanpur	24.17128	72.43827	IN	141592
Pāli	25.77276	73.32335	IN	230075
Pānihāti	22.69089	88.37404	IN	378705
Pār Naogaon	24.80418	88.94875	BD	192464
Pārsābād	39.6482	47.9174	IR	102996
Pātan	23.8507	72.12963	IN	133737
Pātan	27.67658	85.31417	NP	299283
Pīlibhīt	28.63124	79.80436	IN	131008
Płock	52.54682	19.70638	PL	127474
P’yŏngsŏng	39.24639	125.87194	KP	100000
Qadirpur Ran	30.29184	71.67164	PK	200000
Qalyub	30.17922	31.2056	EG	156363
Qal‘at Sukkar	31.8632	46.07321	IQ	110000
Qarchak	35.42873	51.57757	IR	251834
Qarshi	38.86056	65.78905	UZ	278300
Qazvin	36.26877	50.0041	IR	333635
Qaşr Bin Ghashīr	32.68333	13.18333	LY	100069
Qeładizê	36.18254	45.13017	IQ	140688
Qianjiang	30.421	112.8919	CN	179079
Qianjiang	29.53284	108.77478	CN	143727
Qiaotou	36.935	101.67361	CN	114712
Qibao	31.15267	121.35688	CN	283352
Qina	26.16418	32.72671	EG	252883
Qingdao	36.06488	120.38042	CN	7172451
Qingnian	36.84092	115.71087	CN	110046
Qingpu	31.15394	121.11408	CN	1271424
Qingyang	35.70976	107.64455	CN	2125400
Qingyuan	23.7	113.03333	CN	1738424
Qingzhou	36.69667	118.47972	CN	236406
Qinhuangdao	39.94104	119.58936	CN	759718
Qinzhou	21.98247	108.65061	CN	1296300
Qionghai	19.2425	110.46417	CN	528238
Qiqihar	47.33922	123.96154	CN	882364
Qitaihe	45.768	130.9953	CN	345033
Qods	35.7214	51.109	IR	309605
Qom	34.6401	50.8764	IR	900000
Qo‘qon	40.52861	70.9425	UZ	259700
Quanzhou	24.91389	118.58583	CN	1469157
Quarto Oggiaro	45.51314	9.14343	IT	182118
Queens	40.68149	-73.83652	US	2316841
Queenstown	-31.89756	26.87533	ZA	118599
Queenstown Estate	1.29417	103.8025	SG	101480
Queimados	-22.71611	-43.55528	BR	149093
Quelimane	-17.87861	36.88833	MZ	349842
Queluz	38.75657	-9.25451	PT	103399
Quetta	30.18414	67.00141	PK	1565546
Quetzaltenango	14.84462	-91.52316	GT	180706
Quevedo	-1.02881	-79.46264	EC	213842
Quezon	7.73028	125.09889	PH	114521
Quezon City	14.6488	121.0509	PH	3084270
Qui Nhon	13.77648	109.22367	VN	519208
Quibdó	5.69188	-76.65835	CO	129237
Quilicura	-33.36799	-70.71388	CL	210410
Quillacollo	-17.39228	-66.27838	BO	172405
Quilmes	-34.72065	-58.25454	AR	262379
Quilpué	-33.04752	-71.44249	CL	130263
Quito	-0.22985	-78.52495	EC	2781641
Qujing	25.48333	103.78333	CN	1408500
Qurayyat	31.33176	37.34282	SA	102903
Quthbullapur	17.50107	78.45818	IN	225816
Quzhou	28.95944	118.86861	CN	902767
Québec	46.81228	-71.21454	CA	531902
Quảng Ngãi	15.12047	108.79232	VN	278496
Quận Ba	10.77494	106.68628	VN	220375
Quận Bốn	10.76684	106.70574	VN	199329
Quận Mười	10.76823	106.66632	VN	399000
Quận Mười Một	10.76383	106.64355	VN	332536
Quận Năm	10.75567	106.66745	VN	187510
Quận Sáu	10.7468	106.64903	VN	271050
Quận Đức Thịnh	10.30989	105.73855	VN	132000
Qā’em Shahr	36.46671	52.86762	IR	204953
Qūchān	37.106	58.50955	IR	111752
Rabak	13.18087	32.73999	SD	135281
Rabat	34.01325	-6.83255	MA	1655753
Radom	51.40253	21.14714	PL	226794
Raebareli	26.2309	81.23315	IN	186433
Rafaḩ	31.29722	34.24357	PS	126305
Rafsanjān	30.4067	55.9939	IR	147680
Rahim Yar Khan	28.41987	70.30345	PK	517000
Raigarh	21.89764	83.3966	IN	150019
Raipur	21.23333	81.63333	IN	1027264
Raja Jang	31.22078	74.25483	PK	100000
Rajamahendravaram	17.00517	81.77784	IN	376333
Rajapalayam	9.45296	77.55335	IN	130442
Rajpur Sonarpur	22.4382	88.43205	IN	424368
Rajshahi	24.374	88.60114	BD	763580
Raleigh	35.7721	-78.63861	US	482295
Ramadi	33.42056	43.30778	IQ	223500
Ramagundam	18.755	79.474	IN	242979
Ramat Gan	32.08227	34.81065	IL	170822
Ramenki	55.7	37.5	RU	130000
Ramiros	-9.06259	13.0456	AO	323576
Ramna Maidan	23.73333	90.4	BD	143677
Rancagua	-34.1691	-70.74053	CL	212695
Ranchi	23.34316	85.3094	IN	1120374
Rancho Cucamonga	34.1064	-117.59311	US	175236
Randburg	-26.0941	28.00123	ZA	337053
Randfontein	-26.1844	27.70203	ZA	133654
Ranebennur	14.62239	75.62951	IN	106406
Rangamati	22.64317	92.19186	BD	106069
Rangel	-8.82644	13.26285	AO	190569
Rangkasbitung	-6.3591	106.2494	ID	137041
Rangpur	25.74664	89.25166	BD	1031388
Rantauprapat	2.1	99.83333	ID	103009
Raposo Tavares	-23.59245	-46.78561	BR	117738
Ras Al Khaimah	25.78953	55.9432	AE	351943
Rasapūdipalem	17.73308	83.31622	IN	1728128
Rasht	37.27611	49.58862	IR	594590
Ratlām	23.33033	75.04032	IN	264914
Raurkela Industrial Township	22.19994	84.86176	IN	216410
Rawalpindi	33.59733	73.0479	PK	3357612
Rawang	3.3213	101.5767	MY	199095
Rawson	-31.58189	-68.54211	AR	130258
Rayon KTZ	49.94349	36.36959	UA	200000
Rayong	12.68095	101.25798	TH	106737
Ra’s Bayrūt	33.9	35.48333	LB	1251739
Reading	51.45625	-0.97113	GB	318014
Recanto das Emas	-15.90864	-48.06447	BR	115550
Recife	-8.05389	-34.88111	BR	1653461
Recklinghausen	51.61379	7.19738	DE	122438
Red Deer	52.26682	-113.802	CA	100844
Regensburg	49.01513	12.10161	DE	151389
Reggio Calabria	38.11047	15.66129	IT	182455
Reggio nell'Emilia	44.69825	10.63125	IT	171944
Regina	50.45008	-104.6178	CA	226404
Reims	49.26526	4.02853	FR	196565
Relizane	35.73734	0.55599	DZ	123255
Remscheid	51.17983	7.1925	DE	117118
Renala Khurd	30.87878	73.59857	PK	100054
Renca	-33.4019	-70.70619	CL	147151
Rengasdengklok	-6.15917	107.29806	ID	201463
Rennes	48.11109	-1.67431	FR	227830
Reno	39.52963	-119.8138	US	264165
Renton	47.48288	-122.21707	US	100242
Resende	-22.46889	-44.44667	BR	111514
Resistencia	-27.46363	-58.98665	AR	290793
Ressano Garcia	-25.44278	31.99528	MZ	110000
Retiro	40.41317	-3.68307	ES	126058
Reus	41.15612	1.10687	ES	103477
Reutlingen	48.49144	9.20427	DE	112627
Rewa	24.53256	81.29234	IN	235654
Rewāri	28.199	76.6183	IN	143021
Reykjavík	64.13548	-21.89541	IS	118918
Reynosa	26.08005	-98.28456	MX	589466
Reẖovot	31.89421	34.81199	IL	149392
Riacho Fundo II	-15.8981	-48.04671	BR	105210
Rialto	34.1064	-117.37032	US	103132
Ribeirão Pires	-23.71056	-46.41333	BR	115559
Ribeirão Preto	-21.1775	-47.81028	BR	698642
Ribeirão das Neves	-19.76694	-44.08667	BR	329794
Richards Bay	-28.78301	32.03768	ZA	252968
Richardson	32.94818	-96.72972	US	110815
Richmond	49.17003	-123.13683	CA	209937
Richmond	37.55376	-77.46026	US	226610
Richmond	37.93576	-122.34775	US	109708
Richmond Hill	43.87111	-79.43725	CA	202022
Riga	56.946	24.10589	LV	742572
Rijeka	45.32673	14.44241	HR	107964
Rimini	44.05755	12.56528	IT	148688
Rio Branco	-9.97472	-67.81	BR	419452
Rio Claro	-22.41139	-47.56139	BR	201418
Rio Grande	-32.035	-52.09861	BR	187838
Rio Pequeno	-23.57139	-46.75887	BR	131631
Rio Verde	-17.79806	-50.92806	BR	225696
Rio das Ostras	-22.52694	-41.945	BR	168099
Rio de Janeiro	-22.90642	-43.18223	BR	6747815
Riobamba	-1.66506	-78.65887	EC	264048
Riohacha	11.54444	-72.90722	CO	188014
Rionegro	6.15515	-75.37371	CO	128153
Rishon LeTsiyyon	31.97102	34.78939	IL	258535
Rishra	22.72394	88.34563	IN	117014
Riverside	33.95335	-117.39616	US	317261
Rivière-des-Prairies–Pointe-aux-Trembles	45.64064	-73.58463	CA	113868
Rivne	50.62036	26.23695	UA	243873
Riyadh	24.68773	46.72185	SA	4205961
Rize	41.02083	40.52194	TR	119828
Rizhao	35.41414	119.52908	CN	661943
Roanoke	37.27097	-79.94143	US	100011
Robertsonpet	12.95629	78.27539	IN	162230
Robāţ Karīm	35.4846	51.0829	IR	105393
Rochester	44.02163	-92.4699	US	112225
Rochester	43.15478	-77.61556	US	209802
Rockford	42.27113	-89.094	US	148278
Rodenkirchen	50.89328	6.99481	DE	110158
Rodriguez	14.76011	121.19993	PH	134432
Rohini	28.74322	77.06778	IN	860000
Rohtak	28.89447	76.58917	IN	374292
Rome	41.89193	12.51133	IT	2318895
Rondonópolis	-16.47083	-54.63556	BR	259167
Roodepoort	-26.1625	27.8725	ZA	326416
Roorkee	29.86632	77.89118	IN	103894
Rosario	-32.94682	-60.63932	AR	948312
Rosario	13.6323	121.2207	PH	128352
Rosarito	32.36044	-117.04645	MX	100660
Rosemont–La Petite-Patrie	45.53661	-73.60686	CA	146501
Rosetta	31.39951	30.41718	EG	301795
Roseville	38.75212	-121.28801	US	130269
Rostock	54.0887	12.14049	DE	198293
Rostov-on-Don	47.21997	39.70769	RU	1130305
Rotherham	53.43012	-1.35678	GB	117618
Rotterdam	51.9225	4.47917	NL	868135
Rouen	49.44313	1.09932	FR	116331
Rouiba	36.73829	3.28079	DZ	117558
Round Rock	30.50826	-97.6789	US	115997
Rourkela	22.22496	84.86414	IN	273317
Roxas City	11.58528	122.75111	PH	185236
Rubtsovsk	51.51473	81.20613	RU	161065
Ruda Śląska	50.2584	18.85632	PL	146189
Rudnyy	52.97244	63.11055	KZ	124000
Rudrapur	28.98	79.4	IN	154554
Rufisque	14.71542	-17.27334	SN	295459
Rufisque est	14.7162	-17.27283	SN	221066
Rugao	32.37035	120.57649	CN	257400
Ruiru	-1.14665	36.96087	KE	490120
Rui’an	27.77605	120.65859	CN	927383
Ruqi	9.97293	43.4276	SO	148702
Ruse	43.84872	25.9534	BG	121168
Russeifa	32.01778	36.04639	JO	268237
Rustaq	23.39083	57.42444	OM	120000
Rustavi	41.56271	44.9787	GE	128249
Rustenburg	-25.66756	27.24208	ZA	373695
Rutchenkivskyi	47.97597	37.69677	UA	168029
Ryazanskiy	55.73333	37.76667	RU	101000
Ryazan’	54.62696	39.70415	RU	538962
Rybinsk	58.04562	38.83811	RU	216724
Rybnik	50.09713	18.54179	PL	142510
Rzeszów	50.04132	21.99901	PL	198317
Río Cuarto	-33.13044	-64.35272	AR	157010
Rāichūr	16.20546	77.35567	IN	234073
Rāiganj	25.61281	88.12449	IN	170252
Rāj-Nāndgaon	21.09687	81.0289	IN	163114
Rājkot	22.29161	70.79322	IN	1390640
Rāmgundam	18.80084	79.45206	IN	452261
Rāmpur	28.81014	79.02699	IN	296418
Rāniganj	17.42841	78.49361	IN	217910
Rānipet	12.92471	79.33331	IN	264330
Rānyah	36.25511	44.88239	IQ	114173
Rānīganj	23.6164	87.13061	IN	131261
Rạch Giá	10.01245	105.08091	VN	459860
Sa Dec	10.29085	105.75635	VN	214610
Saaba	12.37136	-1.41468	BF	136011
Saanich	48.54964	-123.36931	CA	117735
Saarbrücken	49.23262	7.00982	DE	182971
Sabadell	41.54329	2.10942	ES	211734
Sabanalarga	10.63072	-74.92214	CO	102334
Sabará	-19.88639	-43.80667	BR	129380
Sabha	27.03766	14.42832	LY	149329
Sabt Alalayah	19.5773	41.96357	SA	100000
Sabzevar	36.2126	57.68191	IR	243700
Sacaba	-17.39799	-66.03825	BO	180726
Sacomã	-23.63083	-46.59817	BR	261436
Sacramento	38.58157	-121.4944	US	524943
Saddiqabad	28.3091	70.12652	PK	274210
Sadr City	33.3889	44.4583	IQ	1211849
Safi	32.29939	-9.23718	MA	336883
Saga	33.23333	130.3	JP	233301
Sagamihara	35.56707	139.24167	JP	720780
Saguenay	48.41675	-71.06573	CA	148886
Saharsa	25.87498	86.59611	IN	156540
Sahiwal	31.97386	72.33109	PK	538344
Sahiwal	30.66595	73.10186	PK	538344
Sahāranpur	29.9679	77.54522	IN	484873
Sai Mai	13.92068	100.64552	TH	188123
Saidpur	25.77769	88.89169	BD	199422
Saijō	33.91667	133.18333	JP	104791
Saint Paul	44.94441	-93.09327	US	303176
Saint Peters	51.36667	1.41667	GB	125370
Saint Petersburg	59.93863	30.31413	RU	5351935
Saint-Denis	-20.88231	55.4504	RE	154765
Saint-Louis	16.01793	-16.48962	SN	254171
Saint-Louis-de-Terrebonne	45.70198	-73.78669	CA	119944
Saint-Marc	19.11136	-72.70078	HT	266642
Saint-Paul	-21.00961	55.27134	RE	105240
Saint-Quentin-en-Yvelines	48.77186	2.01891	FR	146598
Saint-Étienne	45.43389	4.39	FR	176280
Sainte-Foy	46.78139	-71.29217	CA	111300
Saitama	35.90807	139.65657	JP	1324854
Sakado	35.95694	139.38889	JP	100275
Sakai	34.58216	135.46653	JP	826161
Sakakah	29.96974	40.20641	SA	128332
Sakata	38.91667	139.855	JP	100273
Saki	8.66762	3.39393	NG	178677
Sakiet ed Daier	34.79435	10.80617	TN	125204
Sakiet ez Zit	34.80194	10.76361	TN	100000
Sakura	35.71667	140.23333	JP	173740
Salamanca	40.96882	-5.66388	ES	144825
Salamanca	40.42972	-3.67975	ES	147707
Salamanca	20.56979	-101.1977	MX	160682
Salaqi	40.54139	110.51083	CN	104090
Salatiga	-7.33194	110.49278	ID	198971
Salavat	53.3828	55.91094	RU	159893
Salem	11.65376	78.15538	IN	917414
Salem	44.9429	-123.0351	US	175535
Salerno	40.67545	14.79328	IT	125797
Salford	53.48771	-2.29042	GB	129794
Salihli	38.48258	28.14774	TR	119311
Salinas	36.67774	-121.6555	US	157380
Salt Lake City	40.76078	-111.89105	US	215548
Salta	-24.80645	-65.41999	AR	520683
Saltillo	25.42595	-100.97963	MX	709671
Saltivka	50.02207	36.34901	UA	409300
Salto	-23.20083	-47.28694	BR	119736
Salto	-31.38811	-57.95983	UY	114084
Salvador	-12.97563	-38.49096	BR	2711840
Salvaleón de Higüey	18.61501	-68.70798	DO	123787
Salzburg	47.79941	13.04399	AT	157245
Salzgitter	52.15705	10.4154	DE	104970
Salé	34.0531	-6.79846	MA	972299
Salé Al Jadida	33.99722	-6.74047	MA	200000
Samambaia	-15.88231	-48.10428	BR	218840
Samandağ	36.08012	35.97603	TR	123447
Samara	53.20767	50.13553	RU	1163399
Samarinda	-0.49167	117.14583	ID	865306
Samarkand	39.65456	66.96445	UZ	595200
Samba	-8.88001	13.19617	AO	364986
Sambalpur	21.46527	83.97573	IN	189366
Sambhal	28.58498	78.56959	IN	196109
Sambizanga	-8.78883	13.27506	AO	177808
Sambrial	32.47835	74.35338	PK	119571
Sampit	-2.5315	112.9496	ID	166773
Samsun	41.27976	36.3361	TR	394050
Samut Prakan	13.5976	100.5972	TH	388920
Samālūţ	28.31214	30.71007	EG	142009
San	13.29701	-4.89627	ML	103227
San Antonio	29.42412	-98.49363	US	1526656
San Bernardino	34.10834	-117.28977	US	216108
San Bernardo	-33.59217	-70.6996	CL	249858
San Blas-Canillejas	40.43893	-3.61537	ES	157367
San Carlos	9.66415	-68.58659	VE	120375
San Carlos del Zulia	9.00098	-71.92683	VE	126353
San Cristóbal	18.41713	-70.10682	DO	154040
San Cristóbal	7.76593	-72.23576	VE	289852
San Cristóbal de las Casas	16.73006	-92.63825	MX	215874
San Diego	32.71571	-117.16472	US	1404452
San Felipe	10.3401	-68.74297	VE	206270
San Fernando	15.03425	120.68445	PH	251248
San Fernando de Apure	7.88963	-67.47181	VE	229197
San Francisco	37.77493	-122.41942	US	827526
San Francisco De Borja	-12.08911	-76.99876	PE	105076
San Francisco de Macorís	19.29377	-70.25285	DO	124763
San Jose	12.35275	121.06761	PH	143495
San Jose	37.33939	-121.89496	US	997368
San Jose del Monte	14.81389	121.04528	PH	357828
San José	9.93388	-84.08489	CR	335007
San José del Cabo	23.05406	-109.70367	MX	136285
San Juan	-31.53726	-68.52568	AR	109123
San Juan	14.6	121.0333	PH	134312
San Juan	18.46633	-66.10572	PR	418140
San Juan Sacatepéquez	14.71889	-90.64417	GT	136886
San Juan de los Morros	9.91246	-67.35398	VE	160868
San Juan del Río	20.38897	-99.99637	MX	138878
San Justo	-34.68107	-58.56379	AR	105274
San Lorenzo	-25.33968	-57.50879	PY	227876
San Luis	-33.2914	-66.32467	AR	169947
San Luis Potosí	22.15234	-100.97135	MX	722772
San Luis Río Colorado	32.4555	-114.77037	MX	176685
San Martin	-5.18591	-80.66927	PE	130000
San Martin Texmelucan de Labastida	19.28431	-98.43885	MX	155738
San Mateo	14.6982	121.1236	PH	134327
San Mateo	37.56299	-122.32553	US	103536
San Miguel	-34.54335	-58.71229	AR	168762
San Miguel	13.48261	-88.18211	SV	247126
San Miguel de Allende	20.91528	-100.74389	MX	174615
San Miguel de Tucumán	-26.81601	-65.21051	AR	548866
San Miguel del Padrón	23.09544	-82.32669	CU	159273
San Miguelito	9.05032	-79.47068	PA	321501
San Nicolás de los Arroyos	-33.33425	-60.2108	AR	134217
San Nicolás de los Garza	25.74167	-100.30222	MX	412199
San Pablo	14.0683	121.3256	PH	300166
San Pablo de las Salinas	19.66658	-99.09477	MX	156191
San Pedro	14.3595	121.0473	PH	348968
San Pedro Garza García	25.66158	-100.4034	MX	132128
San Pedro Sula	15.50585	-88.02588	HN	801259
San Pedro de Macorís	18.4539	-69.30864	DO	217899
San Pedro de la Paz	-36.83897	-73.10028	CL	121631
San Rafael	-34.61531	-68.33238	AR	118009
San Salvador	13.68935	-89.18718	SV	525990
San Salvador de Jujuy	-24.1928	-65.29342	AR	257970
San Tung Chung Hang	22.27875	113.94307	HK	116000
San-Pédro	4.74851	-6.6363	CI	390654
Sanaa	15.35452	44.20646	YE	1937451
Sanandaj	35.31495	46.99883	IR	349176
Sancaktepe	41.00244	29.23187	TR	489848
Sancti Spíritus	21.93429	-79.4398	CU	127069
Sandachō	34.88444	135.22694	JP	132858
Sandakan	5.8402	118.1179	MY	439050
Sandy Springs	33.92427	-84.37854	US	105330
Sangju	36.41528	128.16056	KR	101267
Sangla Hill	31.71667	73.38333	PK	103709
Sanhe	39.98049	117.06887	CN	965075
Sanhe	29.86864	107.73027	CN	140954
Sanmenxia	34.78081	111.19287	CN	669307
Sanming	26.24861	117.61861	CN	602166
Sano	36.31667	139.58333	JP	117669
Sanshui	23.15486	112.89161	CN	153714
Sant Andreu	41.43541	2.18982	ES	142598
Sant Martí	41.41814	2.19933	ES	235719
Santa Ana	13.98827	-89.55685	SV	176661
Santa Ana	33.74557	-117.86783	US	310227
Santa Anita - Los Ficus	-12.05048	-76.97335	PE	184614
Santa Bárbara d'Oeste	-22.75361	-47.41361	BR	188000
Santa Catarina	25.67325	-100.45813	MX	304052
Santa Clara	22.40711	-79.96581	CU	250512
Santa Clara	37.35411	-121.95524	US	126215
Santa Clarita	34.39166	-118.54259	US	182371
Santa Coloma de Gramenet	41.45152	2.2081	ES	118821
Santa Cruz	14.6	120.98333	PH	126735
Santa Cruz	14.2814	121.4161	PH	108145
Santa Cruz de Tenerife	28.46824	-16.25462	ES	211359
Santa Cruz de la Sierra	-17.78629	-63.18117	BO	1831434
Santa Cruz do Sul	-29.7175	-52.42583	BR	133230
Santa Fe	-31.64881	-60.70868	AR	391164
Santa Lucía Cotzumalguapa	14.33505	-91.02339	GT	112780
Santa Luzia	-19.76972	-43.85139	BR	219132
Santa Maria	-29.68417	-53.80694	BR	271735
Santa Maria	-16.03095	-48.02929	BR	116622
Santa Maria	34.95303	-120.43572	US	105093
Santa Marta	11.23855	-74.19427	CO	499192
Santa Rita	-7.11389	-34.97806	BR	149910
Santa Rosa	-36.61617	-64.28991	AR	102860
Santa Rosa	14.31222	121.11139	PH	216650
Santa Rosa	38.44047	-122.71443	US	178127
Santa Tecla	13.67741	-89.28335	SV	124694
Santa Teresa del Tuy	10.23291	-66.66474	VE	278890
Santana	-0.03816	-51.17476	BR	107618
Santana	-23.49032	-46.6387	BR	115689
Santana de Parnaíba	-23.44417	-46.91778	BR	154105
Santander	43.46589	-3.80493	ES	173635
Santarém	-2.44306	-54.70833	BR	189047
Santiago	-33.45694	-70.64827	CL	4837295
Santiago	16.68808	121.5487	PH	108414
Santiago de Cuba	20.02287	-75.82171	CU	555865
Santiago de Querétaro	20.58806	-100.38806	MX	1594212
Santiago de Surco	-12.13588	-77.00742	PE	251648
Santiago de los Caballeros	19.45036	-70.69085	DO	1200000
Santiago del Estero	-27.80047	-64.26285	AR	252192
Santo André	-23.66389	-46.53833	BR	662373
Santo António	22.20208	113.54394	CN	129800
Santo Antônio de Jesus	-12.96889	-39.26139	BR	103055
Santo Domingo	18.47186	-69.89232	DO	2201941
Santo Domingo Este	18.48511	-69.84757	DO	700000
Santo Domingo Oeste	18.5	-70.0	DO	701269
Santo Domingo de los Colorados	-0.25368	-79.17628	EC	458580
Santol	15.16222	120.5675	PH	298976
Santos	-23.96083	-46.33361	BR	418608
Sants-Montjuïc	41.37263	2.1546	ES	183120
Sanxia	24.93448	121.37139	TW	115185
Sanya	18.25435	109.50947	CN	1031396
Sao Lucas	-23.59468	-46.54359	BR	138038
Sao Rafael	-23.62821	-46.45395	BR	148145
Sapele	5.89405	5.67666	NG	305000
Sapopemba	-23.59556	-46.52472	BR	266715
Sapporo	43.06667	141.35	JP	1973832
Sapucaia do Sul	-29.81782	-51.14551	BR	132107
Saqqez	36.24992	46.2735	IR	165258
Sarajevo	43.84864	18.35644	BA	696731
Sarandi	-23.44361	-51.87389	BR	118455
Saransk	54.18485	45.17166	RU	318841
Saratov	51.54048	45.9901	RU	844858
Sargodha	32.08586	72.67418	PK	975886
Sarh	9.14555	18.38331	TD	138928
Sari	36.56332	53.06009	IR	255396
Sariwŏn-si	38.50722	125.75583	KP	310100
Sarrià-Sant Gervasi	41.40104	2.1394	ES	147912
Sasarām	24.94942	84.01645	IN	147408
Sasebo	33.16834	129.72502	JP	243223
Saskatoon	52.13238	-106.66892	CA	266141
Sasolburg	-26.81358	27.81695	ZA	135828
Satara	17.68589	73.99333	IN	120195
Satna	24.57726	80.82719	IN	282977
Satu Mare	47.79926	22.86255	RO	112490
Saugor	23.83877	78.73874	IN	274556
Saurimo	-9.66078	20.39155	AO	393000
Savannah	32.08354	-81.09983	US	147780
Savannakhet	16.5703	104.7622	LA	125760
Savar	23.84858	90.25002	BD	286008
Sawai Madhopur	26.02301	76.34408	IN	121106
Sawangan	-6.40278	106.77444	ID	197170
Sayama	35.85295	139.41212	JP	160843
Saïda	34.83033	0.15171	DZ	142497
Schaerbeek	50.86935	4.37737	BE	132761
Schöneberg	52.49801	13.3443	DE	122658
Scottsdale	33.50921	-111.89903	US	236839
Seattle	47.60621	-122.33207	US	780995
Sebeta	8.91667	38.61667	ET	102300
Sector 1	44.49239	26.04831	RO	225453
Sector 2	44.4528	26.13321	RO	290507
Sector 3	44.4234	26.16874	RO	385439
Sector 4	44.37571	26.12085	RO	287828
Sector 5	44.38808	26.07144	RO	271575
Sector 6	44.43579	26.01649	RO	367760
Secunderabad	17.50427	78.54263	IN	204182
Seeb	23.67027	58.18911	OM	470878
Sehore	23.2	77.08333	IN	109118
Sejong	36.59245	127.29223	KR	394630
Sejoumi	36.75583	10.11833	TN	109672
Sekondi	4.93422	-1.71454	GH	285506
Sekondi-Takoradi	4.92678	-1.75773	GH	138872
Selayang Baru Utara	3.2549	101.6668	MY	542409
Semarang	-6.99306	110.42083	ID	1694740
Sembawang Estate	1.45083	103.82861	SG	110090
Semey	50.42064	80.25025	KZ	292780
Semnan	35.57691	53.39205	IR	124826
Senador Canedo	-16.70806	-49.09306	BR	118451
Sendai	38.26667	140.86667	JP	1096704
Sengerema	-2.66667	32.65	TZ	110000
Sengkang New Town	1.39167	103.89444	SG	267600
Sennar	13.56907	33.56718	SD	130122
Sentul	3.18333	101.68333	MY	100000
Seogwipo	33.25333	126.56181	KR	178552
Seongnam-si	37.43861	127.13778	KR	914832
Seoni	22.08503	79.55037	IN	102343
Seoul	37.566	126.9784	KR	10349312
Sepang	2.6931	101.7498	MY	212050
Sepatan	-6.11889	106.575	ID	118439
Serang	-6.11528	106.15417	ID	735651
Serangoon	1.36278	103.8975	SG	116900
Serangoon New Town	1.35083	103.87083	SG	116900
Serekunda	13.43833	-16.67806	GM	340000
Seremban	2.7297	101.9381	MY	372917
Sergeli	41.19833	69.22222	UZ	105700
Sergiyev Posad	56.31204	38.13869	RU	109252
Seri Kembangan	3.03333	101.71667	MY	130252
Seri Manjung	4.1987	100.67	MY	100000
Serilingampalle	17.49313	78.30196	IN	150525
Serpukhov	54.9198	37.41618	RU	128158
Serra	-20.12861	-40.30778	BR	520653
Sertãozinho	-21.13778	-47.99028	BR	126887
Set Ka Lay	16.81435	96.11393	MM	111514
Setagaya	35.64188	139.64715	JP	940071
Setapak	3.207	101.727	MY	353268
Sete Lagoas	-19.46583	-44.24667	BR	227397
Setia Alam	3.10155	101.45565	MY	150000
Seto	35.23333	137.1	JP	127792
Settat	33.00103	-7.61662	MA	155333
Setúbal	38.5244	-8.8882	PT	118166
Sevastopol	44.60795	33.52134	UA	547820
Severnyy	55.93583	37.54889	RU	200000
Severodvinsk	64.55825	39.82971	RU	194292
Seversk	56.60056	84.88639	RU	109844
Sevilla	37.38283	-5.97317	ES	686741
Sfax	34.74056	10.76028	TN	280566
Sha Tin	22.38333	114.18333	HK	495200
Shabqadar	34.21599	71.5548	PK	102340
Shache	38.41667	77.24056	CN	128145
Shagamu	6.8485	3.64633	NG	214558
Shah Alam	3.08507	101.53281	MY	740750
Shahdad Kot	27.84726	67.90679	PK	120687
Shahdadpur	25.92539	68.6228	PK	113342
Shahecheng	36.93833	114.50583	CN	125132
Shahkot	31.5709	73.48531	PK	244868
Shahr-e Kord	32.32612	50.8572	IR	129153
Shahr-e Ṣadrā	29.79972	52.50215	IR	122226
Shahrak-e Pardīsān	34.55734	50.80201	IR	100000
Shahre Jadide Andisheh	35.6803	51.0193	IR	116062
Shahreẕā	32.00877	51.86407	IR	134952
Shahrisabz	39.05778	66.83417	UZ	142700
Shahrud	36.41819	54.97628	IR	165000
Shahrīār	35.65884	51.05775	IR	309607
Shahuwadi	16.90993	73.94654	IN	180322
Shajing	22.74628	113.81903	CN	127089
Shakargarh	32.26361	75.16008	PK	126742
Shakhty	47.71916	40.21603	RU	221312
Sham Shui Po	22.33023	114.15945	HK	431090
Shanghai	31.22222	121.45806	CN	24874500
Shangluo	33.86667	109.93056	CN	531696
Shangqiu	34.4143	115.65613	CN	1859723
Shangrao	28.45179	117.94287	CN	1116486
Shangri-La	27.82511	99.70779	CN	186400
Shangyu	30.01556	120.87111	CN	770000
Shangzhi	45.20562	128.00242	CN	131006
Shanhaiguan	40.00119	119.75395	CN	140000
Shantou	23.35489	116.67876	CN	3838900
Shanwei	22.78199	115.3475	CN	491766
Shaoguan	24.8	113.58333	CN	1028460
Shaoshan	27.91667	112.51667	CN	118000
Shaowu	27.34089	117.4831	CN	112585
Shaoxing	30.00237	120.57864	CN	2300000
Shaoyang	27.23818	111.46214	CN	753194
Shaping	22.77019	112.95776	CN	107589
Sharjah	25.3342	55.41221	AE	1800000
Shashamane	7.2	38.6	ET	208400
Shchukino	55.8	37.45	RU	102000
Shchyolkovo	55.92497	37.97218	RU	113000
Sheepshead Bay	40.59122	-73.94458	US	122534
Sheffield	53.38297	-1.4659	GB	556500
Shekhupura	31.71287	73.98556	PK	591424
Shengavit	40.1557	44.4779	AM	140600
Shenglilu	29.35048	105.8775	CN	134218
Shenyang	41.79222	123.43278	CN	7050000
Shenzhen	22.54554	114.0683	CN	17494398
Sherbrooke	45.40008	-71.89908	CA	129447
Sherpur	25.01881	90.01751	BD	107419
Shevchenkivskyi	50.46408	30.46576	UA	220077
Shevchenko	49.5645	34.53873	UA	147600
Shibganj	25.00146	89.32266	BD	378701
Shibuya	35.6589	139.70665	JP	230609
Shibīn al Kawm	30.55258	31.00904	EG	267945
Shihezi	44.3023	86.03694	CN	572772
Shijiazhuang	38.04139	114.47861	CN	3938513
Shijie	23.09546	113.79195	CN	246960
Shikarpur	27.95558	68.63823	PK	204938
Shillong	25.56892	91.88313	IN	143229
Shilong	23.11444	113.84722	CN	109733
Shimla	31.10442	77.16662	IN	173503
Shimonoseki	33.95548	130.93713	JP	265684
Shimotoda	35.815	139.6853	JP	140899
Shinagawa	33.63627	133.00572	JP	422488
Shinjuku	35.69115	139.70854	JP	349385
Shinyanga	-3.66393	33.42118	TZ	139727
Shiqi	22.51682	113.38521	CN	342306
Shiqiao	22.9464	113.35769	CN	135308
Shiraz	29.61031	52.53113	IR	1249942
Shivaji Nagar	18.53017	73.85263	IN	1000000
Shivamogga	13.93157	75.56791	IN	322650
Shivpuri	25.42378	77.66223	IN	179977
Shiyan	32.6475	110.77806	CN	3460000
Shizuishan	38.98082	106.3892	CN	739400
Shizuoka	34.98333	138.38333	JP	693389
Sholapur	17.67152	75.91044	IN	997281
Shomolu	6.53891	3.3742	NG	154390
Shouguang	36.88	118.7375	CN	473620
Shreveport	32.52515	-93.75018	US	187593
Shrīrāmpur	22.75278	88.34222	IN	226317
Shuangcheng	45.3798	126.30711	CN	130710
Shuanglonghu	29.71617	106.60684	CN	128563
Shuangyashan	46.67686	131.13273	CN	600000
Shubrā al Khaymah	30.12511	31.25053	EG	1240289
Shuifu	28.63215	104.40783	CN	102143
Shuizhai	23.92961	115.76499	CN	140493
Shujaabad	29.88092	71.29344	PK	151115
Shulin	24.99085	121.42199	TW	180044
Shunyi	40.12175	116.64783	CN	117623
Shuozhou	39.31583	112.4225	CN	433700
Shyamnagar	22.83333	88.36667	IN	441956
Shymkent	42.30988	69.60042	KZ	1200000
Shāhjānpur	27.88165	79.90918	IN	320434
Shāhzādpur	24.17687	89.5988	BD	102420
Shāhīn Shahr	32.85788	51.5529	IR	173329
Shāntipur	23.24723	88.43302	IN	149983
Shūnan	34.08053	131.82564	JP	149632
Shūshtar	32.04972	48.84843	IR	101878
Si Maha Phot	13.96563	101.51352	TH	100563
Si Racha	13.17283	100.93159	TH	178916
Sialkot	32.49268	74.53134	PK	911817
Sibiu	45.8	24.15	RO	134309
Sibu	2.3	111.81667	MY	198239
Sidi Bel Abbes	35.18994	-0.63085	DZ	210146
Sidi Slimane	34.26479	-5.92598	MA	101541
Sidoarjo	-7.4478	112.7183	ID	139189
Sidon	33.55751	35.37148	LB	163554
Siegen	50.87481	8.02431	DE	107242
Siem Reap	13.36179	103.86056	KH	139458
Siguatepeque	14.59691	-87.83102	HN	127468
Siguiri	11.42282	-9.16852	GN	148018
Siheungdong	37.45177	126.91079	KR	128142
Siirt	37.9293	41.94134	TR	114034
Sikasso	11.31755	-5.66654	ML	349324
Silang	14.21567	120.97137	PH	119475
Silchar	24.82733	92.79787	IN	178865
Silifke	36.37778	33.93444	TR	132665
Siliguri	26.71004	88.42851	IN	515574
Silopi	37.24379	42.46345	TR	114645
Simele	36.85833	42.8501	IQ	152512
Simferopol	44.95719	34.11079	UA	336460
Simi Valley	34.26945	-118.78148	US	126788
Simmering	48.18333	16.43333	AT	101420
Simões Filho	-12.78444	-38.40389	BR	114559
Sincelejo	9.3045	-75.3905	CO	277773
Sinch’ŏn-ŭp	38.35323	125.48423	KP	141407
Sinfra	6.62103	-5.91144	CI	245226
Singa	13.1483	33.93117	SD	250000
Singapore	1.28967	103.85007	SG	5638700
Singaraja	-8.112	115.08818	ID	133784
Singida	-4.81629	34.74358	TZ	232459
Singkawang	0.90925	108.98463	ID	253812
Singosari	-7.8924	112.6658	ID	182656
Singrauli	24.19973	82.67535	IN	220257
Sinjhoro	26.03008	68.80867	PK	354709
Sinnūris	29.41345	30.86579	EG	133532
Sinop	-11.86417	-55.5025	BR	216029
Sinp’o	40.03971	128.1943	KP	152759
Sinŭiju	40.10056	124.39806	KP	288112
Sioux Falls	43.54369	-96.72796	US	171544
Siping	43.16143	124.37785	CN	555609
Siracusa	37.07542	15.28664	IT	121605
Sirajganj	24.45771	89.70802	BD	127481
Sirjan	29.45137	55.6809	IR	199704
Sirsa	29.53489	75.02898	IN	182534
Sirte	31.20892	16.58866	LY	106705
Sitiawan	4.2168	100.6996	MY	156234
Sittwe	20.14624	92.89835	MM	177743
Situbondo	-7.70623	114.00976	ID	685967
Sivakasi	9.44999	77.79797	IN	234704
Sivas	39.74833	37.01611	TR	264022
Siverek	37.75503	39.31667	TR	175341
Siwān	26.22096	84.35609	IN	135066
Skardu	35.29787	75.63372	PK	260000
Skhidni Kvartaly	48.56622	39.38256	UA	102500
Skikda	36.87617	6.90921	DZ	182903
Skopje	41.99646	21.43141	MK	474889
Skudai	1.53741	103.65779	MY	159733
Slough	51.50949	-0.59541	GB	164793
Slovyansk	48.84974	37.59739	UA	105141
Smolensk	54.77826	32.05088	RU	330025
Smolyanskyi	48.01435	37.73586	UA	116779
Soacha	4.57937	-74.21682	CO	655025
Sobral	-3.68611	-40.34972	BR	203023
Sochi	43.59699	39.72477	RU	327608
Sodo	6.86	37.76159	ET	204100
Sofia	42.69751	23.32415	BG	1152556
Sogamoso	5.71434	-72.93391	CO	111336
Sohag	26.55695	31.69478	EG	266944
Sohar	24.34745	56.70937	OM	108274
Sokodé	8.98333	1.13333	TG	117811
Sokoto	13.06269	5.24322	NG	1040000
Soledad	10.91843	-74.76459	CO	342556
Soledad de Graciano Sánchez	22.18912	-100.93792	MX	332072
Solihull	52.41426	-1.78094	GB	126577
Solikamsk	59.66686	56.74267	RU	100812
Solingen	51.17343	7.0845	DE	164359
Sollentuna	59.42804	17.95093	SE	139606
Solntsevo	55.63711	37.38115	RU	120000
Solwezi	-12.1688	26.38938	ZM	301370
Somaroboro	-25.34604	28.83431	ZA	114369
Somerset West	-34.08401	18.82113	ZA	225289
Songcheng	26.88194	120.00111	CN	165730
Songea	-10.68333	35.65	TZ	286285
Songjiang	31.03443	121.22326	CN	1973500
Songnan	31.35043	121.48218	CN	127347
Songnim-ni	38.76349	125.64096	KP	152425
Songyuan	45.12902	124.82769	CN	113611
Sonārgaon	23.65	90.61667	BD	130000
Sonīpat	28.99478	77.01937	IN	289333
Soreang	-7.03306	107.51833	ID	116780
Sorocaba	-23.50167	-47.45806	BR	762172
Sorong	-0.87956	131.26104	ID	219958
Sorriso	-12.54528	-55.71139	BR	120985
Sorsogon	12.97389	123.99333	PH	187670
Soshanguve	-25.47288	28.09919	ZA	872309
Sosnowiec	50.28682	19.10385	PL	227295
Soubré	5.78377	-6.59388	CI	131181
Souk Ahras	36.28639	7.95111	DZ	153479
Sousse	35.82539	10.63699	TN	221715
South Bend	41.68338	-86.25001	US	101516
South Boston	42.33343	-71.04949	US	571281
South Dublin	53.29026	-6.34151	IE	301075
South Fulton	33.59259	-84.67294	US	107436
South Tangerang	-6.28862	106.71789	ID	1429529
Southampton	50.90395	-1.40428	GB	269781
Southend-on-Sea	51.53782	0.71433	GB	295310
Soweto	-26.26781	27.85849	ZA	1695047
Soyapango	13.71024	-89.13989	SV	329708
Soyo	-6.1349	12.36894	AO	221555
Soyībug	34.07677	74.7057	IN	104000
Spanish Town	17.99107	-76.95742	JM	145018
Split	43.50891	16.43915	HR	149830
Spokane	47.65966	-117.42908	US	229447
Spring Valley	36.10803	-115.245	US	178395
Springfield	39.80172	-89.64371	US	114394
Springfield	37.21533	-93.29824	US	170188
Springfield	42.10148	-72.58981	US	154341
Springs	-26.25	28.4	ZA	186394
Sri Ganganagar	29.92009	73.87496	IN	237780
Sri Jayewardenepura Kotte	6.88297	79.90708	LK	115826
Srikakulam	18.2989	83.89751	IN	137944
Srinagar	34.08565	74.80555	IN	1206419
St Helens	53.45	-2.73333	GB	183200
St. Catharines	43.17126	-79.24267	CA	136803
St. John's	47.56494	-52.70931	CA	110525
St. Louis	38.62727	-90.19789	US	279695
St. Petersburg	27.77086	-82.67927	US	257083
Stamford	41.05343	-73.53873	US	128874
Standerton	-26.93366	29.24152	ZA	101101
Stara Zagora	42.43205	25.64262	BG	121582
Staryy Oskol	51.3025	37.84613	RU	226977
Staten Island	40.56233	-74.13986	US	468730
Stavanger	58.97005	5.73332	NO	151669
Stavropol	45.03442	41.9642	RU	433931
Sterling Heights	42.58031	-83.0302	US	132052
Sterlitamak	53.63793	55.9533	RU	267231
Stockholm	59.32938	18.06871	SE	1515017
Stockport	53.40979	-2.15761	GB	139052
Stockton	37.9577	-121.29078	US	305658
Stoke-on-Trent	53.00415	-2.18538	GB	258366
Strasbourg	48.58392	7.74553	FR	274845
Strogino	55.81838	37.41224	RU	152000
Stuttgart	48.78232	9.17702	DE	612663
Suan Luang	13.73028	100.65138	TH	115658
Subang	-6.57	107.75667	ID	137234
Subang Jaya	3.04384	101.58062	MY	708296
Subotica	46.1	19.66667	RS	100000
Subulussalam	2.662	97.8827	ID	105553
Sucre	-19.03332	-65.26274	BO	224838
Suez	29.97371	32.52627	EG	699541
Suginami	36.2013	140.28406	JP	588354
Suicheng	33.8963	117.93307	CN	256665
Suihua	46.64814	126.96656	CN	252245
Suining	30.50802	105.57332	CN	656760
Suita	34.76143	135.51567	JP	385567
Suizhou	31.71111	113.36306	CN	618582
Sujiatun	41.65917	123.33917	CN	148113
Sukabumi	-6.91806	106.92667	ID	365735
Sukawati	-8.4913	115.0459	ID	125470
Sukkur	27.70323	68.85889	PK	563851
Sukrah	36.87744	10.2468	TN	159862
Sulaymaniyah	35.56496	45.4329	IQ	878146
Suleja	9.18059	7.17939	NG	162135
Sullana	-4.90389	-80.68528	PE	160789
Sultan Kudarat	7.22889	124.25778	PH	124965
Sultan Pur Majra	28.68966	77.07648	IN	181554
Sultanbeyli	40.96072	29.27067	TR	358201
Sultangazi	41.10652	28.86847	TR	436935
Sultānpur	26.25788	82.07269	IN	110368
Sulţānah	24.49258	39.58572	SA	946697
Sumaré	-22.82194	-47.26694	BR	279545
Sumayl	36.85823	42.8482	IQ	152512
Sumbawanga	-7.96667	31.61667	TZ	303986
Sumbe	-11.20605	13.84371	AO	205832
Sumedang	-6.85861	107.91639	ID	200000
Sumedang Utara	-6.85	107.91667	ID	100000
Sumgayit	40.58972	49.66861	AZ	427000
Sumida	35.73289	139.82085	JP	287766
Sumy	50.91741	34.79906	UA	256474
Suncheon	34.9505	127.48784	KR	276375
Sunch’ŏn	39.43167	125.93278	KP	437000
Sunderland	54.90465	-1.38222	GB	170134
Sungai Buloh	3.21	101.561	MY	222858
Sungai Penuh	-2.0561	101.3913	ID	102224
Sungai Petani	5.647	100.48772	MY	544851
Sungailiat	-1.85442	106.12215	ID	100750
Sunggal	3.5765	98.6151	ID	157914
Sunnyvale	37.36883	-122.03635	US	155805
Sunrise Manor	36.21108	-115.07306	US	189372
Sunset Park	40.64548	-74.01241	US	126000
Sunshine Coast	-26.65682	153.07955	AU	398840
Suqian	33.94917	118.29583	CN	1437685
Surabaya	-7.24917	112.75083	ID	3018022
Surakarta	-7.55611	110.83167	ID	526870
Surat	21.19594	72.83023	IN	4591246
Surat Thani	9.14011	99.33311	TH	132040
Surendranagar	22.72706	71.64856	IN	179628
Surgut	61.25757	73.41775	RU	300367
Suriāpet	17.14054	79.62045	IN	111729
Surprise	33.63059	-112.33322	US	143148
Surrey	49.10635	-122.82509	CA	568322
Surulere	6.50153	3.35808	NG	191920
Suruç	36.97612	38.42533	TR	101178
Sutton	51.35	-0.2	GB	187600
Sutton Coldfield	52.56667	-1.81667	GB	109899
Suwon	37.29111	127.00889	KR	1234582
Suzano	-23.5425	-46.31083	BR	307429
Suzhou	33.63611	116.97889	CN	1647642
Suzhou	31.30408	120.59538	CN	6715559
Suzuka	34.88333	136.58333	JP	195670
Swansea	51.62079	-3.94323	GB	300352
Swindon	51.55797	-1.78116	GB	201669
Sydney	-33.86785	151.20732	AU	5638830
Sydney	46.1351	-60.1831	CA	105968
Sykhiv	49.79427	24.06284	UA	151131
Syktyvkar	61.66393	50.8163	RU	245083
Sylhet	24.89904	91.87198	BD	237000
Syracuse	43.04812	-76.14742	US	144142
Syzran	53.1585	48.4681	RU	189338
Szczecin	53.42894	14.55302	PL	395513
Szeged	46.253	20.14824	HU	160766
Székesfehérvár	47.18995	18.41034	HU	101600
São Bernardo do Campo	-23.69389	-46.565	BR	743372
São Caetano do Sul	-23.62306	-46.55111	BR	165655
São Carlos	-22.0175	-47.89083	BR	205035
São Gonçalo do Amarante	-5.79333	-35.32944	BR	115838
São José	-28.21344	-49.16383	BR	200000
São José	-27.61528	-48.6275	BR	270299
São José de Ribamar	-2.55572	-44.05992	BR	244579
São José do Rio Preto	-20.81972	-49.37944	BR	480393
São José dos Campos	-23.17944	-45.88694	BR	727078
São José dos Pinhais	-25.5302	-49.20836	BR	329628
São João de Meriti	-22.80389	-43.37222	BR	466536
São Leopoldo	-29.76028	-51.14722	BR	209229
São Lourenço da Mata	-8.00222	-35.01833	BR	111249
São Luís	-2.52972	-44.30278	BR	917237
São Mateus	-18.72011	-39.85891	BR	123752
São Mateus	-23.60583	-46.47889	BR	155682
São Paulo	-23.5475	-46.63611	BR	12400232
São Pedro da Aldeia	-22.83917	-42.10278	BR	110556
São Vicente	-23.96306	-46.39194	BR	329911
Ségou	13.44032	-6.25947	ML	205787
Séguéla	7.96111	-6.67306	CI	103980
Sétif	36.19112	5.41373	DZ	252127
Sóc Trăng	9.59995	105.97193	VN	221430
Södermalm	59.31278	18.07577	SE	127323
Sāmarrā’	34.1959	43.88568	IQ	158508
Sāngli	16.85438	74.56417	IN	601214
Sātkhira	22.70817	89.07185	BD	128918
Sāveh	35.0213	50.3566	IR	220762
Sīkar	27.61206	75.13996	IN	244497
Sīnah	36.80851	43.03935	IQ	128776
Sītāpur	27.56192	80.68265	IN	164435
Sōka	35.83643	139.79957	JP	249645
Sūjāngarh	27.7	74.46667	IN	183808
Sơn La	21.3256	103.91882	VN	106052
Sơn Tây	21.14053	105.50686	VN	230577
Sầm Sơn	19.73333	105.9	VN	129801
Tabora	-5.01622	32.82663	TZ	308741
Taboão da Serra	-23.62611	-46.79167	BR	273542
Tabriz	38.08	46.2919	IR	1424641
Tabuk	17.47378	121.46799	PH	122771
Tabuk	17.4084	121.2785	PH	122771
Tabuk	28.3998	36.57151	SA	667000
Tacheng	46.74535	82.95847	CN	161037
Tachikawa	35.7091	139.41891	JP	183581
Tacloban	11.24333	125.00472	PH	259353
Tacna	-18.01465	-70.25362	PE	286240
Tacoma	47.25288	-122.44429	US	222906
Tacurong	6.6925	124.67639	PH	116945
Tadepalligudem	16.81467	81.52717	IN	112655
Tadpatri	14.90832	78.01031	IN	108171
Taganrog	47.23627	38.9053	RU	279056
Taganskiy	55.73333	37.66667	RU	116000
Taguatinga	-15.83326	-48.05506	BR	193367
Taguig	14.5243	121.0792	PH	1308085
Tahoua	14.8888	5.2692	NE	159468
Tai Po	22.45007	114.16877	HK	274100
Taibai	30.82482	108.35783	CN	108387
Taicang	31.44778	121.09389	CN	831113
Taichung	24.1469	120.6839	TW	2850285
Tainan	22.99083	120.21333	TW	1856642
Taipa	22.15583	113.55694	MO	112051
Taipei	25.05306	121.52639	TW	7871900
Taiping	4.85	100.73333	MY	217647
Taishan	22.25135	112.7799	CN	145440
Taito	35.70749	139.7788	JP	211444
Taitung	22.75991	121.14457	TW	103260
Taiyuan	37.86944	112.56028	CN	4303673
Taiz	13.57952	44.02091	YE	940600
Taizhou	32.49069	119.90812	CN	1607108
Taizhou	28.66266	121.43312	CN	1485502
Tai’an	36.18528	117.12	CN	1735425
Tajimi	35.31667	137.13333	JP	107818
Takamatsu	34.33333	134.05	JP	418994
Takaoka	36.75	137.01667	JP	170077
Takarazuka	34.79936	135.35697	JP	226432
Takasaki	36.33333	139.01667	JP	372973
Takatsuki	34.84833	135.61678	JP	354468
Takeo	10.99081	104.78498	KH	843931
Takoradi	4.89816	-1.76029	GH	389114
Talatona	-8.91783	13.18562	AO	500000
Talca	-35.4232	-71.64974	CL	197479
Talcahuano	-36.72494	-73.11684	CL	150499
Taldykorgan	45.01556	78.37389	KZ	116558
Talhar	24.88454	68.81437	PK	200014
Taling Chan	13.77698	100.4567	TH	105299
Talisay	10.7375	122.9666	PH	109204
Talisay	10.24472	123.84944	PH	133148
Tallahassee	30.43826	-84.28073	US	201731
Tallinn	59.43696	24.75353	EE	394024
Tam Kỳ	15.57364	108.47403	VN	165240
Tama	35.6436	139.46844	JP	148285
Tamale	9.40079	-0.8393	GH	464316
Taman Petaling	3.19916	101.64983	MY	423062
Tambacounda	13.77073	-13.66734	SN	149071
Tambaram	12.9246	80.12707	IN	174787
Tambov	52.73632	41.44102	RU	293661
Tampa	27.94752	-82.45843	US	414547
Tampere	61.49911	23.78712	FI	260646
Tampico	22.28519	-97.87777	MX	309003
Tampines Estate	1.35806	103.94028	SG	265340
Tampines New Town	1.34917	103.94972	SG	259900
Tandil	-37.3287	-59.1369	AR	115877
Tando Adam	25.76818	68.66196	PK	174291
Tando Allahyar	25.4605	68.71745	PK	421923
Tando Bago	24.78914	68.96535	PK	426535
Tando Muhammad Khan	25.12384	68.53677	PK	114406
Tanga	-5.06893	39.09875	TZ	393429
Tangail	24.24984	89.91655	BD	180144
Tangará da Serra	-14.61944	-57.48583	BR	112547
Tangerang	-6.17806	106.63	ID	1927815
Tanggu	39.02111	117.64694	CN	535298
Tanghe	32.68545	112.83234	CN	278055
Tangier	35.76727	-5.79975	MA	1035141
Tangshan	39.64381	118.18319	CN	3372102
Tanjung Pandan	-2.73353	107.63477	ID	103062
Tanjung Pinang	0.91667	104.45833	ID	227663
Tanjungbalai	2.96667	99.8	ID	190935
Tanta	30.78847	31.00192	EG	576648
Tantou	22.75121	113.83496	CN	320304
Tanza	14.6753	120.9389	PH	105510
Tanzhou	22.25503	113.46692	CN	382445
Taonan	45.33319	122.78464	CN	112819
Taourirt	34.40731	-2.89732	MA	112908
Taoyuan	24.99368	121.29696	TW	475798
Taozhou	30.90641	119.40865	CN	146610
Tapachula	14.90541	-92.25891	MX	353706
Tarakan	3.31332	117.59152	ID	255310
Taranto	40.46438	17.24707	IT	198585
Taraz	42.89799	71.37334	KZ	358153
Targówek	52.29185	21.04845	PL	124279
Tarija	-21.53549	-64.72956	BO	159269
Tarime	-1.35	34.36667	TZ	133043
Tarlac City	15.48017	120.59794	PH	401892
Tarnów	50.01381	20.98698	PL	117799
Tarragona	41.11905	1.24544	ES	141542
Tarsus	36.91766	34.89277	TR	350732
Tasek Glugor	5.48032	100.49849	MY	135786
Tashkent	41.26465	69.21627	UZ	1978028
Tasikmalaya	-7.3274	108.2207	ID	770839
Tatuí	-23.35556	-47.85694	BR	129130
Taubaté	-23.02639	-45.55528	BR	322397
Taunggyi	20.78919	97.03776	MM	160115
Taungoo	18.94291	96.43408	MM	106945
Taunsa	30.70358	70.65054	PK	115704
Tauranga	-37.68611	176.16667	NZ	161000
Tawau	4.24482	117.89115	MY	372615
Tayabas	14.0259	121.5929	PH	115318
Taytay	14.55883	121.13285	PH	231460
Taza	34.21	-4.01	MA	162110
Ta’if	21.27028	40.41583	SA	688693
Tbilisi	41.69143	44.83412	GE	1049498
Tebingtinggi	3.3285	99.1625	ID	117530
Tegal	-6.8694	109.1402	ID	297173
Tegucigalpa	14.0818	-87.20681	HN	850848
Tehran	35.69439	51.42151	IR	7153309
Tehuacán	18.46422	-97.39735	MX	248716
Teixeira de Freitas	-17.535	-39.74194	BR	145216
Tekirdağ	40.9781	27.51101	TR	122287
Tekstil’shchiki	55.70033	37.74271	RU	100000
Tel Aviv	32.08088	34.78057	IL	432892
Telde	27.99243	-15.41915	ES	123265
Telford	52.67659	-2.44926	GB	155570
Teluk Intan	4.02219	101.02083	MY	232800
Teluknaga	-6.09889	106.63806	ID	175155
Tema	5.6698	-0.01657	GH	155782
Temara	33.92866	-6.90656	MA	342345
Temecula	33.49364	-117.14836	US	110003
Temirtau	50.05197	72.95497	KZ	170600
Tempe	33.41477	-111.90931	US	175826
Tempe Junction	33.41421	-111.94348	US	158368
Temuco	-38.73628	-72.59738	CL	238129
Tengyue	24.99492	98.51276	CN	127133
Teni	10.01115	77.47772	IN	1034724
Tepexpan	19.61387	-98.9364	MX	102667
Tepic	21.50733	-104.89332	MX	332863
Teresina	-5.08917	-42.80194	BR	871126
Teresópolis	-22.4167	-42.97822	BR	176692
Ternate	0.79065	127.38424	ID	210836
Terni	42.56335	12.64329	IT	111189
Ternopil	49.55404	25.59067	UA	225238
Terrassa	41.56667	2.01667	ES	218535
Terrebonne	45.70004	-73.64732	CA	111575
Teshi Old Town	5.58365	-0.10722	GH	144013
Tete	-16.15639	33.58667	MZ	357000
Tetuán de las Victorias	40.45975	-3.6975	ES	155000
Texcoco de Mora	19.51194	-98.88293	MX	105165
Teziutlan	19.8173	-97.35992	MX	103583
Teófilo Otoni	-17.8575	-41.50528	BR	101170
Thanh Hóa	19.8	105.76667	VN	850000
Thanh Khê	16.0706	108.19102	VN	201240
Thanh Xuân	20.99472	105.79977	VN	293292
Thanjavur	10.78523	79.13909	IN	291067
Thaton	16.91867	97.37001	MM	123727
The Bronx	40.84985	-73.86641	US	1385108
The Hague	52.07667	4.29861	NL	474292
Thembisa	-25.99636	28.2268	ZA	511655
Thenali	16.24253	80.63982	IN	164937
Thessaloníki	40.64072	22.93493	GR	317778
Thika	-1.03326	37.06933	KE	251407
Thiruvananthapuram	8.4855	76.94924	IN	788271
Thiès	14.78944	-16.92602	SN	317763
Thiès Nones	14.78333	-16.96667	SN	252320
Thohoyandou	-22.94564	30.48497	ZA	107144
Thon Buri	13.725	100.48511	TH	119708
Thoothukudi	8.76735	78.13425	IN	410760
Thornton	39.86804	-104.97192	US	133451
Thousand Oaks	34.17056	-118.83759	US	129339
Thrissur	10.51667	76.21667	IN	315957
Thunder Bay	48.38202	-89.25018	CA	108843
Thung Khru	13.62849	100.50952	TH	116473
Thuqbah	26.26022	50.20486	SA	248888
Thuận An	10.9239	106.71428	VN	588616
Thuận Thanh	21.046	106.079	VN	199577
Thành Phố Bà Rịa	10.49626	107.1685	VN	235192
Thành phố Sông Công	21.4772	105.84137	VN	128357
Thái Nguyên	21.59422	105.84817	VN	420000
Thāne	19.19704	72.96355	IN	1841488
Thānesar	29.97323	76.83214	IN	155152
Thị Trấn Thuận Châu	21.43849	103.69	VN	153000
Thị Trấn Đông Triều	21.08242	106.5138	VN	248896
Thị Trấn Đại Từ	21.63384	105.63766	VN	179192
Thốt Nốt	10.27213	105.5338	VN	158225
Thới Lai	10.06522	105.55863	VN	109684
Thủ Dầu Một	10.9804	106.6519	VN	373105
Thủ Đức	10.84863	106.77209	VN	524670
Tianfu	37.26366	122.05228	CN	115370
Tianjin	39.14222	117.17667	CN	11090314
Tianshui	34.57952	105.74238	CN	1212791
Tiaret	35.37103	1.31699	DZ	178915
Tieli	46.97544	128.04804	CN	107621
Tieling	42.29306	123.84139	CN	333907
Tigwav	18.43117	-72.86521	HT	117504
Tijuana	32.5027	-117.00371	MX	1922523
Tilburg	51.55551	5.0913	NL	221947
Timika	-4.61407	136.67679	ID	142909
Timişoara	45.75372	21.22571	RO	250849
Timon	-5.09417	-42.83667	BR	174465
Tin Shui Wai	22.45679	114.00234	HK	286232
Tinaquillo	9.91861	-68.30472	VE	115937
Tinsukia	27.48905	95.35992	IN	116322
Tirana	41.32744	19.81866	AL	418495
Tiraspol	46.84275	29.6284	MD	157000
Tirmiz	37.22417	67.27833	UZ	182800
Tiruchirappalli	10.8155	78.69651	IN	1022518
Tirunelveli	8.72742	77.6838	IN	1435844
Tirupati	13.63551	79.41989	IN	295323
Tiruppur	11.11541	77.35456	IN	963173
Tiruvannamalai	12.22662	79.07461	IN	145278
Tiruvottiyūr	13.15823	80.30181	IN	249446
Titiwangsa	3.17822	101.70312	MY	122096
Titāgarh	22.74252	88.37326	IN	127751
Tivaouane	14.95186	-16.8152	SN	102658
Tizi Ouzou	36.71182	4.04591	DZ	104312
Tiébo	14.63333	-16.23333	SN	100289
Tlalnepantla	19.54005	-99.19538	MX	653410
Tlalpan	19.29513	-99.16206	MX	574577
Tlaquepaque	20.64121	-103.29342	MX	650123
Tlemcen	34.87833	-1.315	DZ	173531
Tláhuac	19.28689	-99.00507	MX	305076
Toa Payoh New Town	1.33611	103.85	SG	120650
Toamasina	-18.1492	49.40234	MG	345107
Toba Tek Singh	30.97127	72.48275	PK	123102
Tobolsk	58.19807	68.25457	RU	113800
Tobruk	32.08963	23.95385	LY	141499
Tochigi	36.38333	139.73333	JP	159056
Tocoa	15.68333	-86.0	HN	111972
Tokat	40.31389	36.55444	TR	129702
Tokorozawa	35.79916	139.46903	JP	344194
Tokoza	-26.36	28.129	ZA	106000
Tokushima	34.06667	134.56667	JP	267345
Tokuyama	34.05	131.81667	JP	101133
Tokyo	35.6895	139.69171	JP	9733276
Toledo	-24.71361	-53.74306	BR	119313
Toledo	10.3773	123.6386	PH	206692
Toledo	41.66394	-83.55521	US	265638
Toli-Toli	1.04018	120.81764	ID	242783
Toliara	-23.35	43.66667	MG	178725
Toluca	19.28786	-99.65324	MX	489333
Tolyatti	53.5303	49.3461	RU	702879
Tomakomai	42.63694	141.60333	JP	174806
Tomsk	56.50049	84.98216	RU	574002
Tonalá	20.62263	-103.24168	MX	408759
Tondabayashichō	34.50065	135.60211	JP	132873
Tongchuan	34.8988	108.95056	CN	417740
Tongchuanshi	35.07474	109.08495	CN	223603
Tonghua	41.71972	125.92639	CN	510000
Tongliao	43.6125	122.26528	CN	261110
Tongling	30.95	117.78333	CN	402062
Tongren	35.51483	102.016	CN	103700
Tongshan	34.18045	117.15707	CN	329661
Tongzhou	39.90395	116.66183	CN	163326
Tonk	26.16638	75.78824	IN	165294
Toowoomba	-27.56056	151.95386	AU	142163
Topeka	39.04833	-95.67804	US	125963
Torbat-e Ḩeydarīyeh	35.27401	59.21949	IR	125633
Tordher	33.99047	72.2863	PK	150000
Toride	35.9	140.08333	JP	104524
Toronto	43.70643	-79.39864	CA	2794356
Torrance	33.83585	-118.34063	US	143592
Torrejón de Ardoz	40.45535	-3.46973	ES	118162
Torreón	25.54389	-103.41898	MX	735340
Toruń	53.01375	18.59814	PL	196935
Toshima	35.76126	139.74491	JP	301599
Totonicapán	14.91188	-91.36054	GT	103952
Tottenham	51.60373	-0.06794	GB	130000
Tottori-shi	35.5	134.23333	JP	188465
Touba	14.86229	-15.87532	SN	1120824
Toufen	24.68753	120.90942	TW	106310
Touggourt	33.11083	6.07	DZ	143270
Toulon	43.12442	5.92836	FR	168701
Toulouse	43.60426	1.44367	FR	511684
Tours	47.39484	0.70398	FR	141621
Townsville	-19.26639	146.80569	AU	201313
Toyama	36.7	137.21667	JP	415844
Toyohashi	34.76667	137.38333	JP	377453
Toyokawa	34.81667	137.4	JP	184661
Toyonaka	34.78244	135.46932	JP	401558
Toyota	35.08333	137.15	JP	426162
Trabzon	41.005	39.72694	TR	244083
Trento	46.06787	11.12108	IT	120709
Tri-Cities	46.2454	-119.19617	US	244036
Trier	49.75565	6.63935	DE	100129
Trieste	45.64953	13.77678	IT	204338
Trincomalee	8.5778	81.2289	LK	108420
Trindade	-16.64944	-49.48889	BR	142431
Tripoli	34.43352	35.84415	LB	229398
Tripoli	32.88743	13.18733	LY	1302947
Trois-Rivières	46.34515	-72.5477	CA	144472
Trondheim	63.43049	10.39506	NO	216518
Troparëvo	55.65625	37.48496	RU	118000
Trujillo	-8.11599	-79.02998	PE	1067700
Trà Vinh	9.94719	106.34225	VN	160310
Trảng Bàng	11.02987	106.35751	VN	161831
Tsaritsyno	55.6254	37.65032	RU	123000
Tsentralno-Miskyi	48.30237	38.03165	UA	118283
Tsentralnyi	47.09833	37.54838	UA	179582
Tseung Kwan O	22.32789	114.24992	HK	412900
Tshikapa	-6.41621	20.79995	CD	634529
Tshilenge	-10.96667	22.9	CD	116073
Tsing Yi Town	22.35	114.1	HK	182100
Tsu	34.73333	136.51667	JP	274537
Tsuchiura	36.09047	140.21047	JP	144399
Tsuen Wan	22.37137	114.11329	HK	318916
Tsukuba	36.08333	140.11667	JP	241656
Tsuruoka	38.72167	139.82167	JP	125389
Tsuyama	35.05215	133.99885	JP	102294
Tubarão	-28.46667	-49.00694	BR	110088
Tucson	32.22174	-110.92648	US	542629
Tuen Mun	22.39175	113.97157	HK	507900
Tuguegarao	17.61577	121.72285	PH	167297
Tula	54.19609	37.61822	RU	482873
Tulancingo	20.08355	-98.36288	MX	102406
Tulsa	36.15398	-95.99277	US	413066
Tuluá	4.08466	-76.19536	CO	221684
Tumkūr	13.34136	77.1022	IN	307359
Tumxuk	39.86984	79.06118	CN	135727
Tunduma	-9.3	32.76667	TZ	219309
Tung Chung	22.28783	113.94243	HK	114100
Tungi	23.89154	90.40232	BD	337579
Tungipara	22.89983	89.90326	BD	114482
Tunis	36.81897	10.16579	TN	693210
Tunja	5.54481	-73.35756	CO	172548
Turgutlu	38.49533	27.6997	TR	103292
Turhal	40.3875	36.08111	TR	110884
Turin	45.07049	7.68682	IT	847287
Turkistan	43.29458	68.25685	KZ	227098
Turku	60.45148	22.26869	FI	206655
Turmero	10.22856	-67.47421	VE	344700
Turpan	42.94769	89.17886	CN	273385
Tuscaloosa	33.20984	-87.56917	US	111338
Tuxtepec	18.0883	-96.12535	MX	159452
Tuxtla	16.75357	-93.11578	MX	604147
Tuy Hòa	13.09546	109.32094	VN	155921
Tuyên Quang	21.82356	105.21424	VN	104645
Tuzla	44.53842	18.66709	BA	142486
Tver	56.85836	35.90057	RU	420065
Twifu Praso	5.61411	-1.5502	GH	100851
Tychy	50.13717	18.96641	PL	130000
Tyler	32.35126	-95.30106	US	103700
Tyoply Stan	55.62047	37.49338	RU	125000
Tyre	33.27333	35.19389	LB	135204
Tyumen	57.15222	65.52722	RU	768358
Táriba	7.82117	-72.22329	VE	138402
Tân An	10.53589	106.41366	VN	215250
Tân Châu	10.79832	105.23887	VN	175211
Târgu Mureş	46.54245	24.55747	RO	212752
Tây Hồ	21.06895	105.81053	VN	168300
Tây Ninh	11.31004	106.09828	VN	135254
Tébessa	35.40417	8.12417	DZ	194461
Tétouan	35.57845	-5.36837	MA	415810
Türkmenabat	39.07328	63.57861	TM	230861
Tājūrā’	32.88167	13.35056	LY	100000
Tōkai	35.02269	136.90887	JP	113787
Tŏkch’ŏn	39.75261	126.25798	KP	237133
Tịnh Biên	10.59591	104.93669	VN	143098
Ube	33.94306	131.25111	JP	173733
Uberaba	-19.74833	-47.93194	BR	337836
Uberlândia	-18.91861	-48.27722	BR	563536
Ubon Ratchathani	15.23844	104.84866	TH	122533
Ubá	-21.12	-42.94278	BR	103365
Udaipur	24.58584	73.71346	IN	451100
Udgīr	18.39258	77.11756	IN	103550
Udine	46.0693	13.23715	IT	100170
Udon Thani	17.41567	102.78589	TH	130531
Udupi	13.33467	74.74617	IN	165000
Ueda	36.40265	138.28161	JP	157480
Ufa	54.74306	55.96779	RU	1120547
Ugep	5.80865	8.08098	NG	200276
Uijeongbu-si	37.7415	127.0474	KR	479141
Uji	34.89044	135.80325	JP	192925
Ujjain	23.18239	75.77643	IN	515215
Ukhta	63.56904	53.69141	RU	102187
Ulan Bator	47.90771	106.88324	MN	844818
Ulan-Ude	51.82648	107.59979	RU	360278
Ulanhot	46.08333	122.08333	CN	165846
Ulanqab	40.993	113.133	CN	550231
Ulhasnagar	19.21667	73.15	IN	516584
Ulm	48.39841	9.99155	DE	120451
Ulsan	35.53722	129.31667	KR	1098421
Ulu Bedok	1.33333	103.93333	SG	276990
Uluberiya	22.4756	88.09898	IN	235345
Ulyanovsk	54.32824	48.38657	RU	626540
Umarkot	25.36329	69.74184	PK	144558
Umeå	63.82842	20.25972	SE	130224
Umm Qaşr	30.0362	47.91951	IQ	107620
Umraniye	41.01643	29.12476	TR	573265
Umuahia	5.52491	7.49461	NG	370000
Umuarama	-23.76639	-53.325	BR	117095
Unaizah	26.1	44.0	SA	183319
Ungaran	-7.13972	110.405	ID	171378
Universal City	34.1389	-118.35341	US	105000
Unnāo	26.54706	80.48781	IN	161671
Upata	8.0162	-62.40561	VE	112617
Uppal Kalan	17.40577	78.55911	IN	118259
Upper West Side	40.78705	-73.97542	US	226989
Uppsala	59.85882	17.63889	SE	177074
Urasoe	26.25902	127.73012	JP	115690
Urayasu	35.65879	139.90055	JP	171362
Urdaneta	15.97611	120.57111	PH	145935
Urganch	41.55177	60.63143	UZ	145000
Uromi	6.7	6.33333	NG	108608
Ursynów	52.15051	21.05041	PL	149775
Uruapan	19.41677	-102.05842	MX	299523
Uruguaiana	-29.75472	-57.08833	BR	123480
Uruma	26.37609	127.85908	JP	125303
Usera	40.38866	-3.70035	ES	141189
Ussuriysk	43.80467	131.95734	RU	157068
Ust-Kamenogorsk	49.97143	82.60586	KZ	319067
Ust’-Ilimsk	58.00056	102.66194	RU	100271
Utrecht	52.09083	5.12222	NL	376435
Utsunomiya	36.56667	139.88333	JP	518757
Uvira	-3.39534	29.13779	CD	407092
Uyo	5.05127	7.9335	NG	436606
Uzhhorod	48.6242	22.2947	UA	115449
Uíge	-7.60874	15.06131	AO	322531
Uşak	38.67351	29.4058	TR	369433
Vacoas	-20.29806	57.47833	MU	115289
Vadodara	22.29941	73.20812	IN	1822221
Valdivia	-39.81422	-73.24589	CL	133419
Valencia	39.47391	-0.37966	ES	824340
Valencia	34.44361	-118.60953	US	148456
Valencia	10.16153	-68.00044	VE	1619470
Valenzuela	14.7	120.9667	PH	725173
Valera	9.31778	-70.60361	VE	244708
Valinhos	-22.97056	-46.99583	BR	126373
Valladolid	41.65541	-4.72353	ES	300618
Valle de La Pascua	9.21554	-66.00734	VE	153136
Valledupar	10.46538	-73.2531	CO	490075
Vallejo	38.10409	-122.25664	US	121692
Valparaíso	-33.036	-71.62963	CL	282448
Valparaíso de Goiás	-16.06583	-47.97861	BR	198861
Valsād	20.61013	72.93428	IN	139764
Van	38.49457	43.38323	TR	525016
Van Nuys	34.18667	-118.44897	US	136443
Vancouver	49.24966	-123.11934	CA	662248
Vancouver	45.63873	-122.66149	US	196442
Vanderbijlpark	-26.71171	27.83795	ZA	246754
Vantaa	60.29414	25.04099	FI	252724
Vapi	20.37175	72.90493	IN	163630
Varanasi	25.31668	83.01041	IN	1164404
Varginha	-21.55139	-45.43028	BR	136467
Varna	43.21912	27.91024	BG	318737
Varāmīn	35.3242	51.6457	IR	225628
Vasco da Gama	15.39585	73.81568	IN	100485
Vasyl'evsky Ostrov	59.94091	30.25377	RU	203058
Vaughan	43.8361	-79.49827	CA	323103
Vedado	23.13767	-82.39339	CU	108369
Vejalpur	22.69021	73.56299	IN	121610
Velikiy Novgorod	58.52131	31.27104	RU	222868
Velikiye Luki	56.34063	30.54377	RU	103149
Vellore	12.9184	79.13255	IN	484690
Venlo	51.37	6.16806	NL	101988
Venustiano Carranza	19.44361	-99.10499	MX	430978
Veracruz	19.18095	-96.1429	MX	428323
Vereeniging	-26.67313	27.92615	ZA	474681
Verhunskyi	48.58573	39.37158	UA	185593
Verona	45.43854	10.9938	IT	258031
Verāval	20.9077	70.36786	IN	171121
Veshnyaki	55.72393	37.81952	RU	122000
Vespasiano	-19.69194	-43.92333	BR	129246
Viamão	-30.08111	-51.02333	BR	285269
Viana	-8.90553	13.37499	AO	865863
Vicenza	45.54672	11.5475	IT	111980
Victoria	48.4359	-123.35155	CA	289625
Victoria	22.2875	114.14417	HK	956800
Victoria de Durango	24.02032	-104.65756	MX	518709
Victorville	34.53611	-117.29116	US	122225
Vidisha	23.52604	77.81092	IN	155951
Vienna	48.20849	16.37208	AT	1691468
Vientiane	17.96667	102.6	LA	840940
Vigo	42.23282	-8.72264	ES	293642
Vihari	30.0445	72.3556	PK	112840
Vijayapura	16.82442	75.71537	IN	327427
Vijayawada	16.50745	80.6466	IN	1143232
Vila Andrade	-23.62623	-46.72828	BR	168669
Vila Curuca	-23.51	-46.41566	BR	140673
Vila Flor	-8.98007	13.30781	AO	256066
Vila Jacui	-23.50262	-46.46156	BR	134189
Vila Maria	-23.51408	-46.58625	BR	108543
Vila Mariana	-23.58833	-46.63464	BR	127286
Vila Matilde	-23.53936	-46.51788	BR	103558
Vila Medeiros	-23.48874	-46.57762	BR	114839
Vila Prudente	-23.59255	-46.57278	BR	105590
Vila Velha	-20.32972	-40.2925	BR	394930
Vilkhivskyi	48.54327	39.28201	UA	126340
Villa Canales	14.48285	-90.53425	GT	155423
Villa Lugano	-34.67907	-58.47263	AR	114000
Villa Mercedes	-37.40421	-71.97949	CL	131936
Villa Nueva	14.52512	-90.58544	GT	618397
Villahermosa	17.98625	-92.93928	MX	353577
Villaverde	40.35	-3.7	ES	126802
Villavicencio	4.13238	-73.62564	CO	321717
Ville-Marie	45.49899	-73.57046	CA	104944
Villeray–Saint-Michel–Parc-Extension	45.55869	-73.60535	CA	144814
Villeurbanne	45.76601	4.8795	FR	131445
Vilnius	54.68916	25.2798	LT	542366
Vinh	18.67337	105.69232	VN	790000
Vinnytsya	49.2322	28.46871	UA	430091
Viranşehir	37.22349	39.75519	TR	154163
Virginia	-28.10391	26.86593	ZA	122502
Virginia Beach	36.85293	-75.97799	US	454808
Virār	19.45591	72.81136	IN	1222390
Visakhapatnam	17.68009	83.20161	IN	1063178
Visalia	36.33023	-119.29206	US	130104
Viseu	40.66165	-7.90905	PT	103502
Vista	33.20004	-117.24254	US	100890
Vitebsk	55.1904	30.2049	BY	358927
Vitória	-20.31944	-40.33778	BR	312656
Vitória da Conquista	-14.86611	-40.83944	BR	253137
Vitória de Santo Antão	-8.11806	-35.29139	BR	134084
Vizianagaram	18.11692	83.41148	IN	228720
Viña del Mar	-33.02457	-71.55183	CL	334248
Việt Trì	21.32274	105.40198	VN	415280
Việt Yên	21.26667	106.13333	VN	205900
Vladikavkaz	43.04101	44.66986	RU	306258
Vladimir	56.13854	40.39976	RU	357024
Vladivostok	43.10562	131.87353	RU	604901
Vlorë	40.4696	19.48379	AL	115261
Volgodonsk	47.51141	42.15269	RU	167731
Volgograd	48.71378	44.4976	RU	1013533
Vologda	59.2239	39.88398	RU	312420
Volta Redonda	-22.52306	-44.10417	BR	279898
Volzhsky	48.78583	44.77973	RU	323293
Voronezh	51.66833	39.19204	RU	1047549
Votorantim	-23.54667	-47.43778	BR	127923
Vryheid	-27.76952	30.79165	ZA	150012
Vyhurivshchyna-Troyeshchyna	50.51137	30.60251	UA	240000
Vykhino-Zhulebino	55.70196	37.81178	RU	216000
Várzea Grande	-15.64667	-56.1325	BR	314627
Várzea Paulista	-23.21139	-46.82833	BR	115771
Västerås	59.61617	16.55276	SE	127799
Vĩnh Châu	9.32439	105.98006	VN	183918
Vĩnh Long	10.25369	105.9722	VN	137870
Vĩnh Yên	21.30891	105.60489	VN	119128
Vũng Tàu	10.34599	107.08426	VN	464860
Waco	31.54933	-97.14667	US	132356
Wad Medani	14.40118	33.51989	SD	332714
Wafangdian	39.61833	122.00806	CN	454338
Wah Cantt	33.77094	72.75116	PK	400733
Wakayama	34.23333	135.16667	JP	356729
Wakefield	53.68331	-1.49768	GB	109766
Walsall	52.58528	-1.98396	GB	172141
Walthamstow	51.59067	-0.02077	GB	109424
Wan Chai	22.28142	114.17258	HK	166695
Wandsbek	53.58334	10.08305	DE	411422
Wang Thonglang	13.78546	100.61165	TH	114768
Wangsa Maju	3.20056	101.73972	MY	215600
Wanning	18.79931	110.3841	CN	545992
Wansheng	28.9629	106.92844	CN	113751
Wanxian	30.81601	108.37407	CN	859662
Wanzhou	30.76451	108.39586	CN	1545900
Warangal	18.0	79.58333	IN	704570
Warder	6.97444	45.34083	ET	450400
Wardha	20.73933	78.59784	IN	113759
Warren	42.49044	-83.01304	US	134056
Warri	5.51737	5.75006	NG	910000
Warrington	53.39254	-2.58024	GB	172330
Warsaw	52.22977	21.01178	PL	1702139
Warīsān	25.16744	55.40708	AE	108759
Washington	38.89511	-77.03637	US	689545
Washington Heights	40.8501	-73.93541	US	152613
Watampone	-4.5386	120.3279	ID	149336
Waterbury	41.55815	-73.0515	US	108802
Waterloo	43.4668	-80.51639	CA	104986
Watford	51.65531	-0.39602	GB	125707
Watthana	13.72978	100.58536	TH	171150
Wau	7.70111	27.98972	SS	127384
Wayaobu	37.13611	109.65972	CN	113698
Wazirabad	32.44324	74.12	PK	152624
Wałbrzych	50.77141	16.28432	PL	127431
Weifang	36.71	119.10194	CN	2044028
Weihai	37.50914	122.11356	CN	844310
Weinan	34.50355	109.50891	CN	1199290
Weldiya	11.8277	39.59164	ET	104000
Welkom	-27.97742	26.73506	ZA	431944
Wellington	-41.28664	174.77557	NZ	381900
Wenchang	19.55158	110.80279	CN	560894
Wenshan City	23.36306	104.25047	CN	450000
Wenzhou	27.99942	120.66682	CN	2650000
Weru	-6.711	108.5037	ID	139004
West Bromwich	52.51868	-1.9945	GB	103112
West Covina	34.06862	-117.93895	US	108484
West Jerusalem	31.78199	35.21961	IL	400000
West Jordan	40.60967	-111.9391	US	111946
West Palm Beach	26.71534	-80.05337	US	120932
West Raleigh	35.78682	-78.66389	US	338759
West Valley City	40.69161	-112.00105	US	136208
Westminster	39.83665	-105.0372	US	116317
Westonaria	-26.31905	27.6486	ZA	156831
Whalley	49.17917	-122.86667	CA	102555
Whitby	43.88342	-78.93287	CA	138501
Wichita	37.69224	-97.33754	US	396119
Wichita Falls	33.91371	-98.49339	US	104710
Wiesbaden	50.08601	8.24435	DE	288850
Wigan	53.54296	-2.63706	GB	175405
Willemstad	12.12246	-68.88641	CW	125000
Wilmersdorf	52.48333	13.31667	DE	101877
Wilmington	34.23556	-77.94604	US	115933
Windhoek	-22.55941	17.08323	NA	386219
Windsor	42.30008	-83.01654	CA	229660
Winejok	9.01222	27.57081	SS	300000
Winnipeg	49.8844	-97.14704	CA	749607
Winston-Salem	36.09986	-80.24422	US	241218
Winterthur	47.50564	8.72413	CH	111840
Woking	51.31903	-0.55893	GB	103900
Wola	52.23477	20.96004	PL	140958
Wolfsburg	52.42452	10.7815	DE	123064
Wollongong	-34.424	150.89345	AU	280153
Wolverhampton	52.58547	-2.12296	GB	263700
Wong Tai Sin	22.35	114.18333	HK	425235
Woodlands	1.43801	103.78877	SG	254440
Worcester	52.18935	-2.22001	GB	101659
Worcester	42.26259	-71.80229	US	206518
Worcester	-33.64651	19.44852	ZA	127597
Worthing	50.81795	-0.37538	GB	113866
Wrocław	51.10286	17.03006	PL	672545
Wuchuan	21.45713	110.76591	CN	104168
Wuda	39.49944	106.71167	CN	129922
Wugang	26.7279	110.63198	CN	132457
Wuhai	39.68442	106.81583	CN	218427
Wuhan	30.58333	114.26667	CN	10392693
Wuhu	31.35259	118.42947	CN	1598165
Wujiaqu	44.16279	87.52174	CN	154400
Wuppertal	51.25627	7.14816	DE	360797
Wushan	31.07749	109.87639	CN	117873
Wuwei	37.92672	102.63202	CN	1010295
Wuxi	31.56887	120.28857	CN	4396835
Wuxue	29.85058	115.5525	CN	220661
Wuyishan	27.75995	118.03066	CN	137133
Wuzhishan	18.78229	109.5013	CN	112269
Wuzhong	37.9867	106.201	CN	7202654
Wuzhou	23.48054	111.28848	CN	761948
Würzburg	49.79391	9.95121	DE	133731
Wādī as Sīr	31.9545	35.81831	JO	181212
Włocławek	52.64817	19.0678	PL	120339
Wŏnju	37.35139	127.94528	KR	332849
Wŏnsan	39.15278	127.44361	KP	329207
Xai-Xai	-25.05194	33.64417	MZ	154356
Xalapa de Enríquez	19.53124	-96.91589	MX	424755
Xiamen	24.47979	118.08187	CN	4617251
Xiangcheng	25.46687	100.56248	CN	121959
Xiangtan	27.85	112.9	CN	959303
Xiangyang	32.0422	112.14479	CN	1294733
Xianning	29.84347	114.32201	CN	512517
Xiantao	30.3708	113.44294	CN	239406
Xianyang	34.33778	108.70261	CN	1034081
Xiaogan	30.92689	113.92221	CN	908266
Xiayang	31.14967	121.11588	CN	137321
Xiazhen	34.80222	117.11167	CN	125667
Xichang	27.89642	102.26341	CN	481796
Xico	19.27032	-98.95088	MX	384327
Xigang	38.55258	106.34805	CN	112061
Xilin Hot	43.96667	116.03333	CN	120965
Xilinhot	43.93889	116.07021	CN	349953
Xincheng	41.71497	82.93249	CN	102752
Xindi	29.81667	113.46667	CN	175761
Xinghua	32.93917	119.83417	CN	105918
Xingning	24.1483	115.72272	CN	274499
Xingtai	37.06217	114.49272	CN	798770
Xingyi	25.09617	104.90639	CN	322890
Xining	36.62554	101.75739	CN	1677177
Xinji	37.92595	115.21907	CN	145911
Xinqiao	31.065	121.3075	CN	155856
Xintai	35.90056	117.75194	CN	222459
Xinxiang	35.19033	113.80151	CN	1047088
Xinyang	32.12278	114.06556	CN	1230042
Xinyi	34.38424	118.34617	CN	300511
Xinyu	27.80429	114.93335	CN	839488
Xinyuan	43.42649	83.24959	CN	282718
Xinzhai	36.4	118.61667	CN	100168
Xinzhou	38.40917	112.73333	CN	544683
Xiulin	29.71667	112.4	CN	122411
Xiuying	20.00073	110.29359	CN	290000
Xiva	41.38555	60.36408	UZ	115000
Xizhi	25.06615	121.65985	TW	204619
Xi’an	34.25833	108.92861	CN	9600000
Xochimilco	19.25465	-99.10356	MX	442178
Xuancheng	30.9525	118.75528	CN	774332
Xuanhua	40.61205	115.06463	CN	373422
Xuchang	34.03189	113.86299	CN	1265536
Xuhui	31.19594	121.44709	CN	1109800
Xunchang	28.45433	104.71498	CN	118664
Xuyong	28.16992	105.43452	CN	108352
Xuzhou	34.20442	117.28386	CN	1253991
Xuân Lộc	10.93333	107.23333	VN	253140
Ya'an	29.98521	102.999	CN	612056
Yachiyo	35.73531	140.12445	JP	199498
Yaizu	34.86877	138.31952	JP	139578
Yakeshi	49.28333	120.73333	CN	116284
Yakutsk	62.03114	129.72288	RU	235600
Yamagata	38.23333	140.36667	JP	248772
Yamaguchi	34.18333	131.46667	JP	193966
Yamato	35.47276	139.45101	JP	242065
Yamoussoukro	6.82055	-5.27674	CI	275686
Yamuna Nagar	30.12796	77.28371	IN	217071
Yanbu	24.08954	38.0618	SA	200161
Yancheng	33.3575	120.1573	CN	1615717
Yangcheng	29.99968	106.25604	CN	186242
Yangchun	22.16667	111.78333	CN	153547
Yanghang	31.37022	121.43742	CN	204564
Yangjiang	21.85563	111.96272	CN	1292987
Yangju	37.83311	127.06169	KR	179923
Yangon	16.80528	96.15611	MM	4477638
Yangpu	31.26193	121.51904	CN	1210800
Yangquan	37.8575	113.56333	CN	731228
Yangsan	35.34199	129.03358	KR	358074
Yangshuo	24.78081	110.48967	CN	300000
Yangzhou	32.39722	119.43583	CN	1584237
Yanji	42.88825	129.50241	CN	326957
Yantai	37.47649	121.44081	CN	2227733
Yanzhou	35.55278	116.82861	CN	254788
Yan’an	36.59889	109.49167	CN	475234
Yao	34.61667	135.6	JP	273213
Yaoundé	3.86667	11.51667	CM	1299369
Yaritagua	10.08081	-69.1242	VE	113343
Yaroslavl	57.62987	39.87368	RU	608722
Yasenevo	55.60686	37.51991	RU	180000
Yautepec	18.88188	-99.06715	MX	105780
Yavatmāl	20.39324	78.13201	IN	128175
Yawnghwe	20.65973	96.93376	MM	188083
Yazd	31.89722	54.3675	IR	477905
Yei	4.09444	30.67639	SS	260720
Yekaterinburg	56.85733	60.61529	RU	1495066
Yelahanka	13.10073	77.59632	IN	116447
Yelets	52.61435	38.50935	RU	115688
Yenagoa	4.92675	6.26764	NG	365000
Yenangyaung	20.46504	94.8712	MM	110553
Yeoju	37.29583	127.63389	KR	111897
Yeosu	34.76062	127.66215	KR	268823
Yerevan	40.17765	44.5126	AM	1144700
Yevlakh	40.61832	47.15014	AZ	127400
Yevpatoriya	45.20091	33.36655	UA	107040
Yezhou	30.60369	109.72333	CN	104839
Yibin	28.7593	104.63994	CN	836340
Yichang	30.71444	111.28472	CN	1350150
Yichun	27.83333	114.4	CN	1045952
Yichun	47.72143	128.87529	CN	155762
Yidu	36.77121	118.42454	CN	105070
Yinchuan	38.46806	106.27306	CN	1487579
Yingkou	40.66472	122.23176	CN	591159
Yingtan	28.23333	117.0	CN	214229
Yintai	35.11524	109.09702	CN	217509
Yishun New Town	1.43333	103.83111	SG	228730
Yiwu	29.31506	120.07676	CN	1481384
Yixing	31.36059	119.82016	CN	1285785
Yizhou	24.5	108.66667	CN	155872
Yogyakarta	-7.80139	110.36472	ID	375699
Yokkaichi	34.96667	136.61667	JP	305424
Yokohama	35.43333	139.65	JP	3777491
Yokosuka	35.28361	139.66722	JP	409478
Yola	9.20839	12.48146	NG	460000
Yonago	35.43333	133.33333	JP	148720
Yongchuan	29.35376	105.89392	CN	192954
Yongji	34.86611	110.44028	CN	452000
Yongkang	23.02444	120.25556	TW	233730
Yongzhou	26.42389	111.61306	CN	1020715
Yong’an	31.01894	109.45949	CN	144314
Yonkers	40.9304	-73.89789	US	201116
Yono	35.88333	139.63333	JP	102364
Yopal	5.33573	-72.3939	CO	168433
York	53.95763	-1.08271	GB	156135
Yoshkar-Ola	56.63877	47.89078	RU	268272
Youkaichi	35.11626	136.19768	JP	112819
Yuanlin	23.95671	120.57608	TW	124725
Yuci	37.68028	112.73194	CN	235929
Yuen Long	22.44518	114.02621	HK	200000
Yuen Long Kau Hui	22.44831	114.03199	HK	169600
Yuen Long San Hui	22.43333	114.03333	HK	200000
Yuepu	31.42694	121.42139	CN	139328
Yueyang	29.37455	113.09481	CN	991465
Yulin	22.6305	110.14686	CN	1056743
Yuncheng	35.02306	110.99278	CN	680036
Yunfu	22.92787	112.03809	CN	2612800
Yunlong	34.25281	117.25167	CN	345393
Yunusobod	41.37139	69.27944	UZ	352000
Yushu	33.00118	97.00893	CN	141308
Yushu	44.82751	126.54063	CN	124736
Yuxi	24.355	102.54222	CN	103829
Yuyao	30.05	121.14944	CN	114177
Yuzhno-Sakhalinsk	46.9543	142.73559	RU	198973
Yên Bái	21.72288	104.9113	VN	100631
Yên Vinh	18.66667	105.66667	VN	107082
Zaanstad	52.45313	4.81356	NL	140085
Zabrze	50.32492	18.78576	PL	192177
Zacatecas	22.76843	-102.58141	MX	129011
Zagazig	30.58768	31.502	EG	430445
Zagreb	45.81444	15.97798	HR	663592
Zahedan	29.4963	60.8629	IR	551980
Zama	35.4879	139.39101	JP	132325
Zamboanga	6.91028	122.07389	PH	1018849
Zamora de Hidalgo	19.98404	-102.28634	MX	186102
Zango	-9.01212	13.38437	AO	198538
Zanjan	36.67642	48.49628	IR	357471
Zanzibar	-6.16394	39.19793	TZ	709809
Zaoyang	32.12722	112.75417	CN	184509
Zaozhuang	34.86472	117.55417	CN	899753
Zapopan	20.72111	-103.38742	MX	1476491
Zaporizhzhya	47.85167	35.11714	UA	710052
Zaragoza	41.65606	-0.87734	ES	686986
Zaria	11.11128	7.7227	NG	980000
Zarichnyi	50.90376	34.80933	UA	150694
Zarqa	32.07275	36.08796	JO	792665
Zawiya	32.75222	12.72778	LY	186123
Zefta	30.7142	31.24425	EG	111700
Zelenograd	55.9825	37.18139	RU	215727
Zemun	44.8458	20.40116	RS	155591
Zenica	44.20169	17.90397	BA	164423
Zeytinburnu	40.99441	28.90417	TR	280896
Zhabei	31.25861	121.45972	CN	840000
Zhalantun	48.00945	122.73651	CN	132224
Zhanaozen	43.34116	52.86192	KZ	103598
Zhangjiagang	31.865	120.53889	CN	1432044
Zhangjiajie	29.12944	110.47833	CN	441804
Zhangjiakou	40.78341	114.87139	CN	692602
Zhangye	38.93417	100.45167	CN	507433
Zhangzhou	24.51333	117.65556	CN	589831
Zhanjiang	21.23391	110.38749	CN	1400709
Zhaodong	46.05223	125.9552	CN	154406
Zhaoqing	23.04893	112.46091	CN	1553109
Zhaotong	27.31667	103.71667	CN	787845
Zhaoyuan	37.36497	120.40997	CN	120000
Zhaozhou	45.70595	125.26606	CN	114009
Zheleznodorozhnyy	55.744	38.01684	RU	141648
Zhengding	38.14501	114.56556	CN	193524
Zhengzhou	34.75778	113.64861	CN	4253913
Zhenjiang	32.21086	119.45508	CN	950516
Zhenping	33.03457	112.22763	CN	181528
Zhenzhou	32.28034	119.16999	CN	176006
Zhezqazghan	47.79411	67.70628	KZ	104357
Zhicheng	30.29556	111.50472	CN	159383
Zhonghe	28.45049	108.98901	CN	105003
Zhongshan	22.52306	113.37912	CN	3841873
Zhongwei	37.51129	105.19067	CN	1174600
Zhongxiang	31.16611	112.58306	CN	108883
Zhoucun	36.81667	117.81667	CN	122402
Zhoukou	33.63333	114.63333	CN	505171
Zhoushan	29.98869	122.20488	CN	882932
Zhu Cheng City	35.99502	119.40259	CN	1000000
Zhubei	24.83833	121.00778	TW	212695
Zhucheng	35.99472	119.3975	CN	499285
Zhuhai	22.27694	113.56778	CN	2207090
Zhuji	29.71877	120.24233	CN	110721
Zhujing	30.901	121.15966	CN	120084
Zhulebino	55.7	37.85	RU	150000
Zhumadian	32.98385	114.02586	CN	721670
Zhuzhou	27.83333	113.15	CN	1129687
Zhytomyr	50.26235	28.67913	UA	261624
Zibo	36.79056	118.06333	CN	3129228
Zielona Góra	51.93548	15.50643	PL	118433
Zigong	29.34162	104.77689	CN	1262064
Ziguinchor	12.56801	-16.27326	SN	214874
Zinder	13.80716	8.9881	NE	318874
Zipaquirá	5.02208	-74.00481	CO	130432
Zitong	30.1782	105.82991	CN	212819
Ziyang	30.12108	104.64811	CN	905729
Zlatoust	55.17182	59.65471	RU	191366
Zliten	32.46739	14.56874	LY	203790
Zoetermeer	52.0575	4.49306	NL	115845
Zomba	-15.38596	35.3188	MW	118440
Zonguldak	41.45139	31.79305	TR	101749
Zoucheng	35.40056	116.96556	CN	277400
Zugló	47.51758	19.10549	HU	130000
Zumpango	19.7967	-99.09946	MX	280455
Zunyi	27.68667	106.90722	CN	2037775
Zwolle	52.5125	6.09444	NL	129840
Zyablikovo	55.61667	37.76667	RU	129000
Zyuzino	55.65608	37.56846	RU	121000
Zürich	47.36667	8.55	CH	415367
Zābol	31.0306	61.4949	IR	121989
eMbalenhle	-26.53333	29.06667	ZA	142443
Águas Claras	-15.83969	-48.02675	BR	128486
Águas Lindas de Goiás	-15.76194	-48.28167	BR	225693
Álvaro Obregón	19.35867	-99.20329	MX	726664
Århus	56.15674	10.21076	DK	285273
Çanakkale	40.15552	26.41271	TR	143622
Çankaya	39.9179	32.86268	TR	792189
Çiğli	38.49645	27.07029	TR	214065
Çorlu	41.16069	27.80093	TR	202578
Çorum	40.54889	34.95333	TR	269595
Ébolowa	2.9	11.15	CM	101363
Ðà Lạt	11.94646	108.44193	VN	258014
Ðông Hà	16.81625	107.10031	VN	164228
Ñuñoa	-33.44735	-70.58279	CL	255823
Ô Môn	10.10974	105.62318	VN	129683
Örebro	59.27412	15.2066	SE	155989
Újpest	47.56863	19.08456	HU	100694
Ürümqi	43.80096	87.60046	CN	3029372
Üsküdar	41.02274	29.01366	TR	524452
Ādilābād	19.67203	78.5359	IN	118526
Ādīgrat	14.277	39.462	ET	121800
Ālā'ĕr	40.54184	81.26566	CN	126259
Āmol	36.46961	52.35072	IR	237528
Ārabī	9.96278	42.49278	ET	148933
Āsansol	23.68333	86.98333	IN	504271
Āsela	7.95	39.13333	ET	139500
Čačak	43.89139	20.34972	RS	117072
Điện Bàn	15.88853	108.25447	VN	226564
Đưc Trọng	11.73559	108.3733	VN	161232
Đống Đa	21.013	105.825	VN	371606
Đồng Hới	17.46885	106.62226	VN	133672
Đồng Xoài	11.53495	106.88324	VN	168000
Đức Phổ	14.81355	108.95931	VN	155743
Īlām	33.6374	46.4227	IR	140940
Īz̄eh	31.83027	49.86756	IR	119399
İnegol	40.07806	29.51333	TR	133959
İskenderun	36.58718	36.17347	TR	251682
İzmir	38.41273	27.13838	TR	2938292
İzmit	40.76499	29.92928	TR	196571
Łódź	51.77058	19.47395	PL	639890
Ōgaki	35.35	136.61667	JP	161539
Ōita	33.23333	131.6	JP	477715
Ōme	35.78389	139.24306	JP	133535
Ōmuta	33.03333	130.45	JP	131974
Ōnojō	33.53567	130.47861	JP	102085
Ōsaki	38.58866	140.973	JP	128763
Ōshū	39.13927	141.1685	JP	112937
Ōta	36.3	139.36667	JP	224358
Ōta	35.56126	139.71605	JP	748081
Ōtsu	35.0	135.86667	JP	345070
Şabyā	17.1495	42.62537	SA	228375
Şabāḩ as Sālim	29.25722	48.05722	KW	139163
Şalālah	17.01505	54.09237	OM	163140
Şanlıurfa	37.16708	38.79392	TR	449549
Şaḩam	24.17222	56.88861	OM	140000
Şişli	41.06046	28.98717	TR	314684
Ţahţā	26.76866	31.50198	EG	134314
Ţalkhā	31.0539	31.37787	EG	112851
Ţarţūs	34.88902	35.88659	SY	458327
Ţimā	26.90843	31.43469	EG	101130
Ţūz Khūrmātū	34.88808	44.63256	IQ	120712
Ŭllyul	38.51389	125.18972	KP	107997
Ḩadā’iq al Qubbah	30.08843	31.28351	EG	339612
Ḩalwān	29.84144	31.30084	EG	230000
Ḩamāh	35.13179	36.75783	SY	460602
Ḩawallī	29.33278	48.02861	KW	164212
Ḩayy Khildā	31.99202	35.84002	JO	251000
Ṣuwayliḥ	32.0221	35.84394	JO	151016
‘Ajlūn	32.33326	35.75279	JO	125557
‘Ibrī	23.22573	56.51572	OM	163473
